x0,y0,x1,y1,x2,y2,x3,y3,x4,y4,x5,y5,x6,y6,x7,y7,x8,y8,x9,y9,x10,y10,x11,y11,x12,y12,x13,y13,x14,y14,x15,y15,x16,y16,x17,y17,x18,y18,x19,y19,x20,y20,label
0.0,0.0,-0.717949,0.134021,-1.282051,0.463918,-1.615385,0.71134,-1.692308,0.948454,-0.641026,1.0,-0.769231,1.371134,-1.051282,1.587629,-1.410256,1.690722,-0.25641,1.010309,-0.282051,1.43299,-0.74359,1.597938,-1.230769,1.670103,0.076923,0.948454,-0.487179,1.175258,-0.846154,0.938144,-0.948718,0.731959,0.358974,0.814433,-0.205128,0.948454,-0.512821,0.783505,-0.564103,0.628866,X
0.0,0.0,-1.8,0.225,-2.68,0.475,-3.32,0.658333,-3.64,0.858333,-0.92,1.0,-1.12,1.308333,-2.04,1.458333,-2.84,1.516667,-0.2,0.975,-2.24,1.1,-2.76,0.816667,-2.28,0.716667,0.12,0.875,-2.2,0.908333,-2.4,0.65,-1.76,0.591667,0.08,0.725,-1.92,0.7,-2.0,0.525,-1.36,0.483333,X
0.0,0.0,-3.230769,0.237288,-4.846154,0.491525,-6.153846,0.669492,-6.769231,0.847458,-1.076923,1.0,-1.615385,1.305085,-3.461538,1.432203,-5.076923,1.474576,-0.076923,0.966102,-4.307692,1.101695,-5.076923,0.838983,-4.153846,0.737288,0.230769,0.872881,-4.384615,0.915254,-4.615385,0.677966,-3.461538,0.618644,-0.076923,0.728814,-4.0,0.720339,-4.076923,0.559322,-2.923077,0.508475,X
0.0,0.0,-2.928571,0.198198,-4.357143,0.459459,-5.5,0.648649,-6.071429,0.855856,-1.142857,1.0,-1.714286,1.306306,-3.285714,1.441441,-4.714286,1.486486,-0.285714,0.981982,-3.928571,1.108108,-4.642857,0.837838,-3.642857,0.756757,0.071429,0.900901,-3.857143,0.936937,-4.142857,0.684685,-3.0,0.63964,-0.142857,0.765766,-3.357143,0.747748,-3.428571,0.576577,-2.357143,0.531532,X
0.0,0.0,-1.952381,0.188034,-3.095238,0.444444,-4.0,0.641026,-4.285714,0.863248,-0.904762,1.0,-1.238095,1.290598,-2.333333,1.444444,-3.238095,1.504274,-0.238095,0.991453,-2.761905,1.136752,-3.428571,0.863248,-2.904762,0.760684,0.095238,0.905983,-2.666667,0.948718,-2.761905,0.675214,-1.952381,0.623932,0.095238,0.769231,-2.190476,0.74359,-2.238095,0.564103,-1.428571,0.521368,X
0.0,0.0,-1.387097,0.184615,-2.322581,0.453846,-2.967742,0.630769,-3.129032,0.830769,-0.774194,1.0,-0.903226,1.284615,-1.645161,1.430769,-2.322581,1.492308,-0.193548,0.984615,-1.83871,1.123077,-2.322581,0.823077,-1.935484,0.730769,0.16129,0.892308,-1.677419,0.938462,-1.870968,0.661538,-1.354839,0.607692,0.225806,0.746154,-1.354839,0.730769,-1.483871,0.546154,-0.903226,0.507692,X
0.0,0.0,-1.243243,0.21831,-2.081081,0.492958,-2.702703,0.683099,-2.756757,0.880282,-0.648649,1.0,-0.783784,1.295775,-1.459459,1.43662,-2.108108,1.5,-0.135135,0.985915,-1.594595,1.133803,-2.027027,0.830986,-1.702703,0.725352,0.216216,0.901408,-1.459459,0.950704,-1.594595,0.661972,-1.135135,0.605634,0.351351,0.753521,-1.135135,0.753521,-1.243243,0.56338,-0.72973,0.521127,X
0.0,0.0,-1.305556,0.20979,-2.138889,0.482517,-2.75,0.664336,-2.916667,0.86014,-0.694444,1.0,-0.861111,1.286713,-1.555556,1.426573,-2.222222,1.482517,-0.138889,0.986014,-1.694444,1.125874,-2.166667,0.832168,-1.833333,0.734266,0.194444,0.902098,-1.555556,0.944056,-1.722222,0.657343,-1.25,0.608392,0.305556,0.762238,-1.25,0.734266,-1.305556,0.552448,-0.805556,0.517483,X
0.0,0.0,-1.428571,0.188811,-2.4,0.468531,-3.057143,0.671329,-3.085714,0.867133,-0.942857,1.0,-1.114286,1.27972,-1.857143,1.412587,-2.514286,1.461538,-0.4,0.986014,-2.028571,1.104895,-2.428571,0.818182,-2.085714,0.713287,-0.057143,0.888112,-1.857143,0.916084,-1.971429,0.643357,-1.457143,0.587413,0.057143,0.741259,-1.514286,0.727273,-1.571429,0.538462,-1.028571,0.503497,X
0.0,0.0,-1.351351,0.191489,-2.216216,0.460993,-2.783784,0.652482,-2.918919,0.843972,-0.837838,1.0,-1.027027,1.297872,-1.702703,1.425532,-2.351351,1.468085,-0.297297,0.978723,-1.810811,1.113475,-2.216216,0.822695,-1.945946,0.70922,0.027027,0.879433,-1.648649,0.907801,-1.756757,0.631206,-1.297297,0.560284,0.162162,0.730496,-1.297297,0.70922,-1.351351,0.51773,-0.864865,0.468085,X
0.0,0.0,-1.305556,0.20979,-2.138889,0.475524,-2.694444,0.657343,-2.777778,0.853147,-0.638889,1.0,-0.833333,1.286713,-1.527778,1.412587,-2.166667,1.461538,-0.111111,0.986014,-1.694444,1.097902,-2.111111,0.818182,-1.833333,0.72028,0.222222,0.895105,-1.555556,0.902098,-1.638889,0.636364,-1.166667,0.573427,0.361111,0.748252,-1.194444,0.72028,-1.25,0.531469,-0.75,0.48951,X
0.0,0.0,-1.371429,0.192857,-2.257143,0.464286,-2.885714,0.657143,-2.971429,0.85,-0.771429,1.0,-0.971429,1.3,-1.714286,1.435714,-2.371429,1.492857,-0.228571,0.985714,-1.828571,1.114286,-2.228571,0.828571,-1.885714,0.721429,0.114286,0.892857,-1.685714,0.914286,-1.8,0.642857,-1.285714,0.578571,0.228571,0.75,-1.371429,0.707143,-1.428571,0.514286,-0.885714,0.478571,X
0.0,0.0,-1.454545,0.188811,-2.424242,0.461538,-3.060606,0.657343,-3.151515,0.846154,-0.818182,1.0,-1.121212,1.293706,-1.939394,1.412587,-2.636364,1.447552,-0.272727,0.979021,-2.060606,1.13986,-2.515152,0.853147,-2.151515,0.755245,0.060606,0.888112,-1.909091,0.916084,-2.030303,0.643357,-1.484848,0.601399,0.181818,0.741259,-1.515152,0.706294,-1.545455,0.524476,-1.0,0.496503,X
0.0,0.0,-2.47619,0.225352,-3.761905,0.471831,-4.714286,0.661972,-5.190476,0.852113,-1.0,1.0,-1.571429,1.288732,-2.857143,1.43662,-4.095238,1.507042,-0.142857,0.985915,-3.380952,1.098592,-3.857143,0.830986,-3.142857,0.732394,0.142857,0.901408,-3.333333,0.929577,-3.380952,0.676056,-2.47619,0.626761,0.0,0.767606,-3.0,0.725352,-2.904762,0.549296,-1.952381,0.507042,X
0.0,0.0,-2.619048,0.251748,-3.952381,0.48951,-5.0,0.664336,-5.47619,0.853147,-1.047619,1.0,-1.619048,1.286713,-2.952381,1.426573,-4.142857,1.475524,-0.142857,0.979021,-3.52381,1.104895,-4.142857,0.825175,-3.428571,0.734266,0.142857,0.888112,-3.52381,0.93007,-3.619048,0.664336,-2.714286,0.608392,-0.047619,0.748252,-3.142857,0.713287,-3.047619,0.531469,-2.095238,0.496503,X
0.0,0.0,-2.75,0.244898,-3.95,0.47619,-5.0,0.659864,-5.65,0.863946,-0.95,1.0,-1.4,1.292517,-2.85,1.421769,-4.15,1.462585,-0.05,0.979592,-3.5,1.115646,-4.15,0.843537,-3.35,0.741497,0.3,0.884354,-3.55,0.938776,-3.75,0.673469,-2.75,0.612245,0.05,0.741497,-3.2,0.714286,-3.25,0.537415,-2.25,0.489796,X
0.0,0.0,-3.052632,0.260274,-4.473684,0.5,-5.526316,0.684932,-6.0,0.869863,-1.210526,1.0,-1.789474,1.294521,-3.368421,1.417808,-4.789474,1.465753,-0.263158,0.979452,-4.0,1.10274,-4.473684,0.828767,-3.473684,0.739726,0.052632,0.876712,-4.105263,0.945205,-4.210526,0.671233,-3.052632,0.609589,-0.210526,0.719178,-3.789474,0.705479,-3.684211,0.527397,-2.578947,0.486301,X
0.0,0.0,-3.470588,0.243243,-5.058824,0.47973,-6.235294,0.682432,-6.705882,0.858108,-1.411765,1.0,-1.941176,1.277027,-3.647059,1.405405,-5.176471,1.452703,-0.352941,0.972973,-4.470588,1.094595,-5.0,0.824324,-4.0,0.72973,-0.058824,0.871622,-4.588235,0.925676,-4.705882,0.668919,-3.529412,0.594595,-0.411765,0.716216,-4.352941,0.682432,-4.352941,0.513514,-3.117647,0.466216,X
0.0,0.0,-2.894737,0.267606,-4.210526,0.492958,-5.210526,0.676056,-5.578947,0.873239,-0.894737,1.0,-1.421053,1.295775,-3.0,1.429577,-4.368421,1.464789,0.105263,0.964789,-3.631579,1.098592,-4.263158,0.816901,-3.315789,0.725352,0.421053,0.859155,-3.736842,0.929577,-3.947368,0.65493,-2.842105,0.591549,0.105263,0.711268,-3.473684,0.697183,-3.473684,0.507042,-2.368421,0.457746,X
0.0,0.0,-3.8,0.257143,-5.333333,0.492857,-6.533333,0.671429,-7.266667,0.878571,-1.2,1.0,-1.8,1.292857,-3.733333,1.428571,-5.4,1.478571,-0.133333,0.971429,-4.733333,1.114286,-5.466667,0.842857,-4.333333,0.742857,0.2,0.871429,-4.8,0.935714,-5.0,0.671429,-3.666667,0.607143,-0.2,0.728571,-4.466667,0.707143,-4.533333,0.528571,-3.266667,0.478571,X
0.0,0.0,-3.785714,0.304965,-5.428571,0.531915,-6.714286,0.716312,-7.357143,0.879433,-1.142857,1.0,-1.857143,1.269504,-3.714286,1.411348,-5.5,1.460993,0.071429,0.964539,-4.785714,1.099291,-5.5,0.836879,-4.428571,0.744681,0.357143,0.865248,-4.928571,0.929078,-5.0,0.673759,-3.642857,0.609929,-0.142857,0.723404,-4.571429,0.70922,-4.428571,0.539007,-3.0,0.496454,X
0.0,0.0,-2.6875,0.231405,-4.0,0.479339,-5.0,0.677686,-5.375,0.876033,-0.6875,1.0,-1.0625,1.305785,-2.5625,1.446281,-3.9375,1.495868,0.25,0.983471,-3.25,1.115702,-4.125,0.85124,-3.4375,0.760331,0.5625,0.892562,-3.25,0.942149,-3.625,0.694215,-2.6875,0.636364,0.3125,0.752066,-3.0,0.743802,-3.125,0.570248,-2.125,0.520661,X
0.0,0.0,-2.352941,0.22807,-3.647059,0.482456,-4.647059,0.684211,-5.058824,0.894737,-0.882353,1.0,-1.352941,1.298246,-2.647059,1.438596,-3.823529,1.508772,-0.117647,0.982456,-3.176471,1.131579,-3.764706,0.859649,-3.058824,0.763158,0.176471,0.903509,-3.117647,0.95614,-3.294118,0.692982,-2.411765,0.640351,0.117647,0.77193,-2.705882,0.780702,-2.764706,0.596491,-1.823529,0.54386,X
0.0,0.0,-2.533333,0.203704,-4.066667,0.462963,-5.133333,0.657407,-5.466667,0.861111,-1.066667,1.0,-1.666667,1.296296,-3.066667,1.425926,-4.4,1.472222,-0.266667,0.990741,-3.666667,1.101852,-4.133333,0.833333,-3.466667,0.740741,0.066667,0.907407,-3.533333,0.916667,-3.533333,0.666667,-2.666667,0.611111,-0.066667,0.777778,-3.0,0.75,-3.0,0.574074,-2.133333,0.527778,X
0.0,0.0,-1.894737,0.196078,-3.157895,0.460784,-3.947368,0.647059,-4.105263,0.852941,-1.0,1.0,-1.263158,1.303922,-2.315789,1.441176,-3.315789,1.5,-0.368421,0.990196,-2.631579,1.107843,-3.157895,0.833333,-2.631579,0.745098,0.0,0.901961,-2.526316,0.931373,-2.684211,0.676471,-2.0,0.627451,0.0,0.754902,-2.105263,0.754902,-2.157895,0.578431,-1.526316,0.529412,X
0.0,0.0,-1.842105,0.193878,-2.894737,0.44898,-3.684211,0.632653,-3.894737,0.857143,-0.894737,1.0,-1.157895,1.295918,-2.105263,1.44898,-2.947368,1.510204,-0.263158,0.979592,-2.473684,1.102041,-3.0,0.826531,-2.578947,0.72449,0.052632,0.908163,-2.368421,0.928571,-2.473684,0.663265,-1.842105,0.612245,0.105263,0.77551,-1.947368,0.744898,-1.947368,0.561224,-1.263158,0.520408,X
0.0,0.0,-1.833333,0.1875,-3.0,0.458333,-3.833333,0.65625,-4.055556,0.864583,-0.888889,1.0,-1.166667,1.333333,-2.222222,1.46875,-3.166667,1.53125,-0.222222,0.989583,-2.5,1.125,-3.055556,0.84375,-2.611111,0.75,0.111111,0.90625,-2.388889,0.947917,-2.555556,0.677083,-1.888889,0.625,0.111111,0.770833,-2.055556,0.770833,-2.055556,0.583333,-1.388889,0.541667,X
0.0,0.0,-2.058824,0.19,-3.294118,0.46,-4.117647,0.67,-4.294118,0.87,-0.764706,1.0,-1.058824,1.3,-2.117647,1.45,-3.176471,1.5,-0.058824,0.98,-2.647059,1.12,-3.235294,0.84,-2.647059,0.74,0.235294,0.89,-2.529412,0.95,-2.764706,0.68,-2.0,0.62,0.235294,0.76,-2.176471,0.75,-2.294118,0.57,-1.588235,0.52,X
0.0,0.0,-3.083333,0.227723,-4.5,0.485149,-5.5,0.693069,-6.0,0.920792,-0.5,1.0,-0.916667,1.306931,-2.583333,1.465347,-4.166667,1.524752,0.5,0.990099,-3.5,1.128713,-4.333333,0.861386,-3.416667,0.752475,0.833333,0.910891,-3.583333,0.990099,-3.916667,0.722772,-2.833333,0.653465,0.5,0.782178,-3.25,0.782178,-3.416667,0.594059,-2.333333,0.534653,X
0.0,0.0,-6.666667,0.277778,-9.333333,0.518519,-11.5,0.722222,-12.666667,0.953704,-0.333333,1.0,-1.833333,1.296296,-5.166667,1.453704,-8.5,1.537037,1.666667,0.990741,-7.5,1.157407,-9.0,0.888889,-6.833333,0.787037,1.833333,0.907407,-7.833333,1.018519,-8.5,0.75,-6.166667,0.675926,0.666667,0.796296,-7.5,0.824074,-7.833333,0.62963,-5.5,0.555556,X
0.0,0.0,-5.25,0.3,-7.5,0.55,-9.25,0.758333,-10.125,0.966667,0.0,1.0,-0.875,1.291667,-3.75,1.45,-6.5,1.516667,1.625,0.975,-5.75,1.141667,-7.125,0.883333,-5.375,0.775,1.875,0.891667,-6.125,1.016667,-6.875,0.75,-4.75,0.666667,1.0,0.766667,-6.0,0.816667,-6.375,0.625,-4.375,0.55,X
0.0,0.0,-3.454545,0.236842,-5.272727,0.508772,-6.545455,0.710526,-7.090909,0.929825,-0.181818,1.0,-1.0,1.289474,-2.909091,1.447368,-4.818182,1.517544,0.818182,0.982456,-3.909091,1.149123,-5.090909,0.877193,-4.181818,0.763158,1.181818,0.903509,-4.0,1.008772,-4.545455,0.736842,-3.363636,0.657895,0.818182,0.780702,-3.363636,0.815789,-3.727273,0.631579,-2.454545,0.552632,X
0.0,0.0,-1.65,0.216981,-2.65,0.5,-3.4,0.698113,-3.65,0.90566,-0.45,1.0,-0.75,1.292453,-1.7,1.443396,-2.6,1.509434,0.2,0.981132,-1.95,1.150943,-2.6,0.867925,-2.15,0.754717,0.5,0.90566,-1.85,0.990566,-2.15,0.716981,-1.55,0.650943,0.55,0.764151,-1.5,0.811321,-1.7,0.622642,-1.0,0.556604,X
0.0,0.0,-1.5,0.217822,-2.363636,0.49505,-3.0,0.683168,-3.090909,0.871287,-0.590909,1.0,-0.772727,1.306931,-1.590909,1.445545,-2.363636,1.50495,-0.045455,0.990099,-1.863636,1.128713,-2.272727,0.851485,-1.818182,0.742574,0.272727,0.90099,-1.727273,0.970297,-1.863636,0.70297,-1.363636,0.623762,0.409091,0.762376,-1.363636,0.792079,-1.454545,0.60396,-0.909091,0.544554,X
0.0,0.0,-1.428571,0.204301,-2.333333,0.462366,-2.952381,0.655914,-3.095238,0.860215,-0.619048,1.0,-0.857143,1.301075,-1.666667,1.44086,-2.47619,1.505376,-0.047619,0.989247,-1.904762,1.11828,-2.238095,0.83871,-1.809524,0.731183,0.285714,0.913978,-1.714286,0.967742,-1.809524,0.698925,-1.285714,0.623656,0.380952,0.784946,-1.285714,0.784946,-1.333333,0.602151,-0.809524,0.537634,X
0.0,0.0,-1.5,0.217391,-2.4,0.467391,-3.1,0.652174,-3.2,0.869565,-0.5,1.0,-0.75,1.304348,-1.65,1.445652,-2.5,1.51087,0.1,0.98913,-1.85,1.152174,-2.25,0.847826,-1.85,0.73913,0.4,0.923913,-1.75,0.98913,-1.85,0.706522,-1.3,0.630435,0.5,0.793478,-1.35,0.815217,-1.4,0.619565,-0.85,0.543478,X
0.0,0.0,-1.217391,0.190476,-2.0,0.47619,-2.521739,0.690476,-2.608696,0.916667,-0.608696,1.0,-0.695652,1.321429,-1.391304,1.464286,-2.043478,1.511905,-0.130435,0.988095,-1.565217,1.142857,-1.869565,0.857143,-1.521739,0.738095,0.217391,0.940476,-1.391304,1.0,-1.478261,0.714286,-1.043478,0.630952,0.391304,0.821429,-1.043478,0.821429,-1.086957,0.607143,-0.652174,0.535714,X
0.0,0.0,-1.08,0.194805,-1.76,0.506494,-2.2,0.727273,-2.16,0.922078,-0.76,1.0,-0.68,1.350649,-1.24,1.506494,-1.76,1.558442,-0.36,1.0,-1.2,1.194805,-1.6,0.948052,-1.52,0.792208,0.0,0.948052,-1.08,1.051948,-1.2,0.805195,-0.92,0.688312,0.24,0.857143,-0.72,0.883117,-0.84,0.701299,-0.52,0.61039,X
0.0,0.0,-0.923077,0.171053,-1.615385,0.486842,-2.038462,0.723684,-1.961538,0.947368,-0.692308,1.0,-0.615385,1.342105,-1.115385,1.5,-1.615385,1.565789,-0.269231,0.986842,-1.038462,1.210526,-1.461538,0.934211,-1.384615,0.789474,0.038462,0.934211,-0.884615,1.052632,-1.076923,0.75,-0.769231,0.631579,0.307692,0.828947,-0.615385,0.881579,-0.730769,0.657895,-0.423077,0.565789,X
0.0,0.0,-1.0,0.178082,-1.68,0.479452,-2.12,0.712329,-2.04,0.931507,-0.72,1.0,-0.72,1.328767,-1.24,1.479452,-1.76,1.547945,-0.32,1.0,-1.2,1.191781,-1.52,0.890411,-1.36,0.753425,0.0,0.958904,-1.0,1.054795,-1.12,0.753425,-0.84,0.630137,0.28,0.849315,-0.68,0.876712,-0.84,0.657534,-0.52,0.561644,X
0.0,0.0,-0.96,0.173333,-1.68,0.48,-2.08,0.693333,-2.08,0.906667,-0.72,1.0,-0.72,1.346667,-1.24,1.48,-1.72,1.546667,-0.32,0.986667,-1.2,1.173333,-1.56,0.866667,-1.36,0.746667,0.0,0.92,-1.0,1.026667,-1.2,0.72,-0.88,0.626667,0.28,0.8,-0.64,0.813333,-0.8,0.613333,-0.48,0.533333,X
0.0,0.0,-1.421053,0.202381,-2.263158,0.464286,-2.894737,0.654762,-3.157895,0.880952,-0.578947,1.0,-0.736842,1.285714,-1.526316,1.440476,-2.263158,1.5,0.0,0.988095,-1.842105,1.119048,-2.315789,0.833333,-1.894737,0.72619,0.315789,0.904762,-1.684211,0.940476,-1.842105,0.678571,-1.315789,0.619048,0.421053,0.77381,-1.315789,0.77381,-1.368421,0.595238,-0.842105,0.535714,X
0.0,0.0,-2.285714,0.204301,-3.571429,0.483871,-4.571429,0.688172,-5.071429,0.903226,-0.714286,1.0,-1.142857,1.301075,-2.357143,1.451613,-3.571429,1.516129,0.071429,0.989247,-2.928571,1.139785,-3.571429,0.860215,-2.928571,0.752688,0.357143,0.913978,-2.928571,0.989247,-3.142857,0.709677,-2.357143,0.645161,0.285714,0.784946,-2.5,0.795699,-2.642857,0.602151,-1.714286,0.537634,X
0.0,0.0,-1.947368,0.257143,-3.105263,0.514286,-3.894737,0.714286,-4.210526,0.961905,-0.684211,1.0,-1.052632,1.314286,-2.157895,1.466667,-3.157895,1.542857,0.052632,1.0,-2.526316,1.161905,-3.105263,0.857143,-2.473684,0.742857,0.368421,0.933333,-2.526316,1.028571,-2.684211,0.72381,-1.842105,0.647619,0.315789,0.819048,-2.157895,0.847619,-2.210526,0.619048,-1.315789,0.542857,X
0.0,0.0,-1.772727,0.214876,-2.863636,0.487603,-3.681818,0.68595,-4.090909,0.909091,-0.590909,1.0,-1.045455,1.289256,-2.045455,1.438017,-3.045455,1.512397,0.090909,0.991736,-2.363636,1.132231,-2.863636,0.859504,-2.318182,0.752066,0.409091,0.917355,-2.318182,1.0,-2.5,0.719008,-1.818182,0.644628,0.409091,0.793388,-1.909091,0.809917,-1.954545,0.61157,-1.227273,0.553719,X
0.0,0.0,-2.095238,0.229008,-3.333333,0.503817,-4.285714,0.709924,-4.666667,0.931298,-0.619048,1.0,-1.190476,1.29771,-2.380952,1.450382,-3.47619,1.526718,0.142857,0.992366,-2.714286,1.152672,-3.238095,0.862595,-2.571429,0.755725,0.428571,0.923664,-2.666667,1.0,-2.857143,0.717557,-2.0,0.656489,0.380952,0.793893,-2.285714,0.80916,-2.285714,0.610687,-1.380952,0.557252,X
0.0,0.0,-1.916667,0.233577,-3.083333,0.49635,-3.916667,0.693431,-4.291667,0.919708,-0.583333,1.0,-1.083333,1.291971,-2.166667,1.445255,-3.208333,1.518248,0.125,0.992701,-2.458333,1.145985,-3.0,0.854015,-2.458333,0.744526,0.458333,0.912409,-2.416667,0.992701,-2.625,0.708029,-1.916667,0.642336,0.416667,0.781022,-2.041667,0.79562,-2.083333,0.605839,-1.291667,0.547445,X
0.0,0.0,-2.227273,0.226277,-3.5,0.481752,-4.409091,0.686131,-4.909091,0.912409,-0.863636,1.0,-1.363636,1.306569,-2.545455,1.459854,-3.727273,1.525547,-0.090909,0.985401,-2.909091,1.138686,-3.5,0.854015,-2.909091,0.744526,0.227273,0.905109,-2.863636,0.985401,-3.090909,0.708029,-2.318182,0.642336,0.136364,0.773723,-2.5,0.781022,-2.5,0.591241,-1.636364,0.540146,X
0.0,0.0,-3.461538,0.225806,-5.230769,0.483871,-6.615385,0.685484,-7.384615,0.91129,-1.0,1.0,-1.923077,1.298387,-3.769231,1.443548,-5.461538,1.508065,0.076923,0.991935,-4.538462,1.129032,-5.538462,0.83871,-4.615385,0.733871,0.384615,0.91129,-4.615385,0.967742,-4.846154,0.685484,-3.615385,0.629032,0.0,0.782258,-4.076923,0.774194,-4.076923,0.580645,-2.692308,0.540323,X
0.0,0.0,-2.375,0.189189,-3.875,0.441441,-5.0,0.648649,-5.5,0.873874,-1.125,1.0,-1.6875,1.297297,-3.0,1.441441,-4.25,1.504505,-0.375,0.990991,-3.5625,1.117117,-4.1875,0.846847,-3.5,0.738739,-0.0625,0.90991,-3.4375,0.954955,-3.5625,0.693694,-2.6875,0.630631,-0.125,0.783784,-2.875,0.774775,-2.9375,0.603604,-2.0625,0.540541,X
0.0,0.0,-1.789474,0.186275,-3.0,0.431373,-3.947368,0.627451,-4.210526,0.843137,-1.052632,1.0,-1.421053,1.294118,-2.421053,1.431373,-3.368421,1.490196,-0.473684,0.990196,-2.842105,1.107843,-3.157895,0.823529,-2.526316,0.735294,-0.157895,0.921569,-2.631579,0.931373,-2.631579,0.676471,-1.947368,0.627451,-0.052632,0.794118,-2.157895,0.77451,-2.105263,0.598039,-1.473684,0.54902,X
0.0,0.0,-1.833333,0.177083,-3.111111,0.427083,-4.0,0.625,-4.111111,0.833333,-1.055556,1.0,-1.388889,1.302083,-2.388889,1.447917,-3.333333,1.489583,-0.444444,0.989583,-2.777778,1.104167,-3.222222,0.833333,-2.722222,0.729167,-0.111111,0.90625,-2.611111,0.916667,-2.611111,0.666667,-2.0,0.604167,-0.055556,0.78125,-2.111111,0.75,-2.111111,0.572917,-1.444444,0.520833,X
0.0,0.0,1.904762,0.161616,2.904762,0.383838,3.904762,0.525253,4.571429,0.686869,1.571429,1.0,2.142857,1.333333,3.095238,1.515152,3.857143,1.59596,1.0,0.979798,3.571429,1.040404,3.619048,0.747475,2.904762,0.626263,0.714286,0.888889,3.142857,0.848485,3.047619,0.575758,2.333333,0.494949,0.571429,0.737374,2.52381,0.69697,2.428571,0.484848,1.666667,0.424242,X
0.0,0.0,1.75,0.154545,2.857143,0.345455,3.75,0.454545,4.107143,0.627273,1.857143,1.0,2.392857,1.318182,3.357143,1.4,4.071429,1.381818,1.357143,1.009091,3.535714,0.981818,3.464286,0.663636,2.785714,0.563636,1.035714,0.927273,3.107143,0.836364,2.928571,0.536364,2.214286,0.472727,0.857143,0.772727,2.571429,0.672727,2.357143,0.454545,1.678571,0.409091,X
0.0,0.0,2.0,0.169492,3.153846,0.381356,4.115385,0.508475,4.692308,0.686441,1.846154,1.0,2.423077,1.322034,3.538462,1.40678,4.346154,1.389831,1.269231,1.0,3.769231,1.016949,3.807692,0.720339,3.076923,0.618644,0.961538,0.90678,3.346154,0.838983,3.230769,0.576271,2.5,0.508475,0.846154,0.745763,2.730769,0.661017,2.576923,0.466102,1.846154,0.423729,X
0.0,0.0,2.368421,0.165049,3.631579,0.378641,4.789474,0.504854,5.368421,0.660194,1.947368,1.0,2.736842,1.31068,4.0,1.407767,5.0,1.398058,1.263158,0.980583,4.263158,1.0,4.315789,0.699029,3.526316,0.592233,1.0,0.883495,3.842105,0.834951,3.736842,0.563107,2.894737,0.495146,0.947368,0.718447,3.263158,0.660194,3.052632,0.466019,2.157895,0.427184,X
0.0,0.0,1.95,0.170213,3.05,0.382979,4.05,0.521277,4.7,0.702128,1.65,1.0,2.3,1.329787,3.45,1.425532,4.3,1.425532,1.1,1.0,3.7,1.031915,3.75,0.723404,3.05,0.617021,0.75,0.904255,3.3,0.861702,3.15,0.574468,2.4,0.510638,0.65,0.744681,2.7,0.691489,2.55,0.478723,1.7,0.43617,X
0.0,0.0,2.411765,0.183673,3.764706,0.387755,4.941176,0.520408,5.647059,0.714286,1.941176,1.0,2.764706,1.316327,4.058824,1.397959,5.117647,1.397959,1.294118,1.0,4.470588,1.020408,4.470588,0.734694,3.588235,0.632653,1.0,0.908163,4.058824,0.857143,3.823529,0.581633,2.941176,0.510204,0.941176,0.755102,3.352941,0.693878,3.176471,0.5,2.235294,0.44898,X
0.0,0.0,2.105263,0.175258,3.368421,0.391753,4.421053,0.525773,4.947368,0.701031,1.789474,1.0,2.421053,1.298969,3.578947,1.391753,4.526316,1.402062,1.210526,0.989691,3.947368,1.020619,4.0,0.731959,3.210526,0.628866,0.894737,0.907216,3.526316,0.865979,3.473684,0.587629,2.631579,0.525773,0.789474,0.752577,3.0,0.690722,2.842105,0.494845,1.947368,0.43299,X
0.0,0.0,2.625,0.175258,4.0625,0.391753,5.375,0.536082,5.6875,0.690722,2.0,1.0,2.75,1.319588,4.125,1.412371,5.25,1.402062,1.25,0.979381,4.5625,1.041237,4.75,0.742268,3.875,0.639175,0.9375,0.876289,4.1875,0.85567,4.125,0.587629,3.125,0.515464,1.0,0.71134,3.625,0.670103,3.4375,0.474227,2.5,0.412371,X
0.0,0.0,2.055556,0.175824,3.277778,0.406593,4.277778,0.538462,4.722222,0.692308,1.777778,1.0,2.333333,1.307692,3.5,1.351648,4.388889,1.296703,1.166667,0.989011,3.666667,1.043956,3.888889,0.758242,3.333333,0.637363,0.833333,0.89011,3.333333,0.868132,3.333333,0.615385,2.666667,0.527473,0.777778,0.736264,2.833333,0.692308,2.666667,0.505495,1.888889,0.450549,X
0.0,0.0,1.6,0.156627,2.65,0.385542,3.4,0.506024,3.7,0.674699,1.4,1.0,1.85,1.313253,2.8,1.361446,3.45,1.301205,0.85,0.987952,2.9,1.036145,3.05,0.722892,2.6,0.60241,0.55,0.903614,2.55,0.86747,2.55,0.578313,2.0,0.481928,0.4,0.746988,2.1,0.698795,2.0,0.493976,1.35,0.421687,X
0.0,0.0,1.555556,0.168831,2.611111,0.376623,3.5,0.506494,3.777778,0.688312,1.333333,1.0,1.833333,1.311688,2.833333,1.363636,3.555556,1.311688,0.777778,1.0,2.944444,1.012987,3.055556,0.714286,2.555556,0.61039,0.444444,0.909091,2.555556,0.844156,2.555556,0.584416,1.944444,0.506494,0.333333,0.753247,2.111111,0.688312,2.0,0.493506,1.333333,0.441558,X
0.0,0.0,2.1875,0.176471,3.4375,0.411765,4.5625,0.564706,4.875,0.705882,1.5625,1.0,2.1875,1.329412,3.4375,1.4,4.3125,1.364706,0.9375,0.976471,3.6875,1.047059,3.875,0.752941,3.1875,0.647059,0.625,0.882353,3.375,0.870588,3.3125,0.6,2.5,0.529412,0.5625,0.729412,2.875,0.705882,2.6875,0.505882,1.8125,0.447059,X
0.0,0.0,3.5,0.164948,5.5,0.402062,7.25,0.546392,8.333333,0.721649,2.5,1.0,3.666667,1.309278,5.583333,1.402062,7.25,1.391753,1.666667,0.989691,6.333333,1.041237,6.333333,0.783505,5.083333,0.680412,1.416667,0.896907,5.916667,0.85567,5.75,0.618557,4.583333,0.536082,1.5,0.742268,5.333333,0.670103,5.0,0.494845,3.833333,0.43299,X
0.0,0.0,5.888889,0.169643,9.0,0.357143,11.888889,0.491071,14.111111,0.660714,4.888889,1.0,7.0,1.330357,10.111111,1.410714,12.555556,1.392857,3.888889,1.0,11.222222,1.026786,10.888889,0.75,8.555556,0.660714,3.555556,0.901786,10.555556,0.848214,9.777778,0.571429,7.555556,0.526786,3.888889,0.767857,9.555556,0.669643,8.777778,0.464286,6.444444,0.419643,X
0.0,0.0,7.0,0.140496,10.625,0.347107,13.875,0.495868,16.375,0.661157,5.25,1.0,8.0,1.330579,11.5,1.38843,14.5,1.363636,4.0,1.0,13.375,1.008264,13.0,0.735537,10.375,0.636364,3.75,0.900826,12.625,0.818182,11.625,0.553719,8.875,0.487603,4.25,0.743802,11.25,0.61157,10.125,0.413223,7.5,0.363636,X
0.0,0.0,3.5,0.160714,5.428571,0.366071,7.0,0.508929,7.857143,0.696429,2.642857,1.0,3.785714,1.339286,5.642857,1.410714,7.142857,1.375,1.785714,0.982143,6.428571,1.008929,6.428571,0.723214,5.214286,0.616071,1.5,0.883929,6.0,0.848214,5.785714,0.580357,4.5,0.5,1.642857,0.732143,5.285714,0.660714,5.0,0.464286,3.785714,0.401786,X
0.0,0.0,2.105263,0.15625,3.368421,0.354167,4.421053,0.489583,4.894737,0.666667,1.842105,1.0,2.473684,1.3125,3.684211,1.375,4.631579,1.333333,1.210526,0.989583,3.947368,1.020833,4.052632,0.71875,3.368421,0.614583,0.947368,0.895833,3.578947,0.864583,3.526316,0.59375,2.684211,0.510417,0.842105,0.729167,3.0,0.677083,2.842105,0.489583,2.0,0.4375,X
0.0,0.0,1.636364,0.168539,2.636364,0.382022,3.5,0.516854,3.772727,0.674157,1.454545,1.0,1.727273,1.325843,2.681818,1.41573,3.363636,1.393258,0.909091,0.988764,2.954545,1.044944,3.136364,0.741573,2.590909,0.629213,0.590909,0.898876,2.636364,0.88764,2.636364,0.595506,2.0,0.52809,0.454545,0.752809,2.181818,0.707865,2.090909,0.494382,1.363636,0.449438,X
0.0,0.0,4.333333,0.162791,6.666667,0.383721,8.666667,0.534884,9.777778,0.651163,3.222222,1.0,4.222222,1.313953,6.555556,1.383721,8.333333,1.337209,2.222222,0.976744,7.555556,1.034884,7.777778,0.767442,6.444444,0.662791,2.0,0.872093,7.222222,0.848837,7.222222,0.604651,5.666667,0.534884,2.222222,0.709302,6.444444,0.639535,6.222222,0.453488,4.666667,0.395349,X
0.0,0.0,0.644444,0.163043,1.177778,0.391304,1.555556,0.554348,1.444444,0.717391,0.688889,1.0,0.777778,1.315217,1.155556,1.413043,1.488889,1.391304,0.288889,0.98913,1.044444,1.097826,1.177778,0.76087,1.022222,0.608696,-0.022222,0.923913,0.733333,0.934783,0.8,0.619565,0.555556,0.5,-0.311111,0.793478,0.377778,0.76087,0.422222,0.532609,0.133333,0.456522,X
0.0,0.0,0.673913,0.156863,1.217391,0.382353,1.630435,0.539216,1.608696,0.656863,0.673913,1.0,0.76087,1.313725,1.195652,1.411765,1.543478,1.372549,0.26087,0.990196,1.108696,1.088235,1.304348,0.754902,1.130435,0.617647,-0.065217,0.911765,0.826087,0.911765,0.891304,0.607843,0.630435,0.5,-0.326087,0.764706,0.434783,0.72549,0.478261,0.509804,0.152174,0.45098,X
0.0,0.0,0.660377,0.169643,1.188679,0.392857,1.54717,0.544643,1.509434,0.678571,0.660377,1.0,0.716981,1.339286,1.132075,1.428571,1.471698,1.383929,0.264151,0.991071,1.056604,1.080357,1.226415,0.75,1.056604,0.607143,-0.075472,0.901786,0.773585,0.892857,0.849057,0.580357,0.603774,0.482143,-0.339623,0.75,0.396226,0.705357,0.433962,0.491071,0.132075,0.4375,X
0.0,0.0,0.622642,0.165049,1.150943,0.38835,1.490566,0.553398,1.339623,0.68932,0.660377,1.0,0.754717,1.339806,1.132075,1.427184,1.433962,1.378641,0.264151,0.990291,0.981132,1.097087,1.09434,0.747573,0.924528,0.592233,-0.056604,0.912621,0.679245,0.902913,0.716981,0.572816,0.471698,0.475728,-0.339623,0.776699,0.301887,0.718447,0.339623,0.495146,0.056604,0.436893,X
0.0,0.0,0.566038,0.16,1.037736,0.38,1.377358,0.55,1.283019,0.69,0.566038,1.0,0.660377,1.32,1.0,1.43,1.301887,1.4,0.188679,0.98,0.849057,1.1,1.0,0.76,0.886792,0.61,-0.150943,0.9,0.54717,0.91,0.622642,0.59,0.415094,0.48,-0.433962,0.76,0.188679,0.73,0.245283,0.51,0.0,0.43,X
0.0,0.0,0.576923,0.151515,1.076923,0.393939,1.403846,0.565657,1.230769,0.686869,0.576923,1.0,0.653846,1.333333,1.0,1.424242,1.269231,1.383838,0.192308,0.989899,0.846154,1.10101,1.0,0.767677,0.865385,0.616162,-0.153846,0.909091,0.557692,0.909091,0.615385,0.59596,0.403846,0.484848,-0.423077,0.767677,0.211538,0.727273,0.25,0.505051,0.019231,0.424242,X
0.0,0.0,0.617021,0.170213,1.12766,0.393617,1.489362,0.553191,1.382979,0.691489,0.638298,1.0,0.723404,1.340426,1.106383,1.425532,1.404255,1.393617,0.255319,0.978723,0.957447,1.106383,1.106383,0.755319,0.957447,0.617021,-0.085106,0.904255,0.638298,0.914894,0.723404,0.606383,0.489362,0.510638,-0.361702,0.765957,0.255319,0.734043,0.319149,0.531915,0.06383,0.468085,X
0.0,0.0,0.636364,0.155556,1.159091,0.366667,1.5,0.511111,1.454545,0.655556,0.704545,1.0,0.795455,1.322222,1.181818,1.411111,1.5,1.366667,0.295455,0.988889,1.068182,1.066667,1.159091,0.733333,0.977273,0.611111,-0.022727,0.911111,0.75,0.888889,0.772727,0.588889,0.522727,0.5,-0.295455,0.777778,0.363636,0.722222,0.386364,0.511111,0.113636,0.444444,X
0.0,0.0,0.682927,0.144444,1.268293,0.366667,1.658537,0.511111,1.682927,0.688889,0.756098,1.0,0.902439,1.311111,1.317073,1.422222,1.658537,1.388889,0.365854,1.0,1.195122,1.088889,1.341463,0.755556,1.170732,0.6,0.02439,0.922222,0.878049,0.911111,0.902439,0.611111,0.634146,0.5,-0.243902,0.788889,0.487805,0.733333,0.487805,0.511111,0.195122,0.433333,X
0.0,0.0,0.625,0.147727,1.175,0.363636,1.575,0.511364,1.575,0.670455,0.675,1.0,0.825,1.318182,1.25,1.409091,1.575,1.375,0.275,0.988636,1.125,1.090909,1.25,0.75,1.075,0.613636,-0.05,0.920455,0.8,0.909091,0.85,0.602273,0.575,0.5,-0.325,0.772727,0.425,0.738636,0.475,0.511364,0.175,0.431818,X
0.0,0.0,0.702703,0.16092,1.27027,0.390805,1.702703,0.528736,1.918919,0.678161,0.756757,1.0,0.864865,1.321839,1.324324,1.425287,1.702703,1.413793,0.351351,1.0,1.27027,1.08046,1.459459,0.758621,1.27027,0.62069,0.027027,0.91954,0.972973,0.908046,1.027027,0.597701,0.756757,0.505747,-0.243243,0.770115,0.567568,0.735632,0.594595,0.517241,0.297297,0.448276,X
0.0,0.0,0.852941,0.168539,1.470588,0.393258,1.970588,0.52809,2.117647,0.662921,0.823529,1.0,1.0,1.303371,1.5,1.393258,1.941176,1.382022,0.411765,0.988764,1.529412,1.044944,1.676471,0.730337,1.441176,0.595506,0.088235,0.898876,1.205882,0.876404,1.235294,0.595506,0.911765,0.505618,-0.176471,0.752809,0.764706,0.719101,0.794118,0.505618,0.441176,0.438202,X
0.0,0.0,0.684211,0.152941,1.184211,0.376471,1.605263,0.529412,1.789474,0.682353,0.736842,1.0,0.789474,1.329412,1.210526,1.447059,1.552632,1.423529,0.342105,0.988235,1.184211,1.094118,1.315789,0.752941,1.131579,0.623529,0.0,0.905882,0.921053,0.905882,0.973684,0.6,0.684211,0.517647,-0.263158,0.764706,0.526316,0.741176,0.578947,0.529412,0.289474,0.458824,X
0.0,0.0,0.585366,0.168675,1.073171,0.409639,1.414634,0.590361,1.341463,0.73494,0.536585,1.0,0.585366,1.337349,0.95122,1.457831,1.243902,1.433735,0.146341,0.975904,0.853659,1.13253,1.0,0.783133,0.853659,0.650602,-0.170732,0.903614,0.560976,0.939759,0.658537,0.626506,0.414634,0.518072,-0.463415,0.759036,0.195122,0.746988,0.292683,0.542169,0.04878,0.46988,X
0.0,0.0,0.488889,0.153846,0.955556,0.423077,1.2,0.641026,0.933333,0.769231,0.466667,1.0,0.466667,1.371795,0.755556,1.5,1.0,1.474359,0.088889,0.961538,0.6,1.141026,0.733333,0.807692,0.622222,0.653846,-0.222222,0.884615,0.311111,0.935897,0.4,0.615385,0.244444,0.487179,-0.533333,0.74359,-0.066667,0.769231,0.088889,0.564103,-0.022222,0.474359,X
0.0,0.0,0.478261,0.153846,0.913043,0.410256,1.152174,0.641026,0.913043,0.769231,0.478261,1.0,0.478261,1.371795,0.717391,1.5,0.934783,1.474359,0.108696,0.974359,0.565217,1.128205,0.673913,0.807692,0.586957,0.666667,-0.217391,0.897436,0.282609,0.923077,0.347826,0.628205,0.195652,0.512821,-0.521739,0.75641,-0.086957,0.75641,0.065217,0.551282,-0.043478,0.461538,X
0.0,0.0,0.511111,0.146667,0.955556,0.413333,1.222222,0.626667,1.0,0.746667,0.533333,1.0,0.511111,1.4,0.777778,1.533333,1.022222,1.506667,0.177778,0.973333,0.644444,1.146667,0.755556,0.813333,0.666667,0.666667,-0.155556,0.906667,0.311111,0.96,0.4,0.653333,0.266667,0.546667,-0.466667,0.773333,-0.066667,0.786667,0.066667,0.586667,-0.022222,0.52,X
0.0,0.0,0.605263,0.170732,1.131579,0.402439,1.5,0.560976,1.526316,0.695122,0.552632,1.0,0.605263,1.353659,1.026316,1.45122,1.394737,1.414634,0.184211,0.97561,0.947368,1.097561,1.157895,0.792683,1.026316,0.646341,-0.157895,0.878049,0.631579,0.902439,0.763158,0.621951,0.552632,0.512195,-0.447368,0.731707,0.236842,0.743902,0.394737,0.54878,0.210526,0.463415,X
0.0,0.0,0.627907,0.16129,1.116279,0.387097,1.488372,0.526882,1.581395,0.677419,0.55814,1.0,0.581395,1.344086,1.0,1.419355,1.348837,1.387097,0.139535,0.978495,0.953488,1.064516,1.139535,0.741935,0.976744,0.623656,-0.186047,0.88172,0.697674,0.870968,0.790698,0.569892,0.534884,0.494624,-0.44186,0.72043,0.302326,0.677419,0.372093,0.473118,0.116279,0.419355,X
0.0,0.0,0.731707,0.171717,1.292683,0.393939,1.731707,0.545455,1.878049,0.676768,0.634146,1.0,0.731707,1.323232,1.219512,1.414141,1.634146,1.40404,0.219512,0.979798,1.170732,1.070707,1.390244,0.747475,1.219512,0.606061,-0.121951,0.878788,0.902439,0.878788,0.97561,0.575758,0.731707,0.464646,-0.365854,0.717172,0.487805,0.686869,0.560976,0.484848,0.243902,0.40404,X
0.0,0.0,0.727273,0.16,1.272727,0.4,1.681818,0.55,1.795455,0.67,0.681818,1.0,0.772727,1.33,1.227273,1.42,1.590909,1.4,0.272727,0.99,1.159091,1.09,1.363636,0.76,1.181818,0.62,-0.045455,0.9,0.886364,0.88,0.954545,0.58,0.704545,0.48,-0.318182,0.74,0.5,0.7,0.522727,0.49,0.227273,0.42,X
0.0,0.0,0.695652,0.166667,1.195652,0.411765,1.586957,0.558824,1.673913,0.666667,0.608696,1.0,0.695652,1.323529,1.130435,1.411765,1.478261,1.392157,0.195652,0.980392,1.086957,1.068627,1.26087,0.735294,1.086957,0.607843,-0.130435,0.882353,0.804348,0.872549,0.891304,0.568627,0.652174,0.470588,-0.391304,0.705882,0.391304,0.676471,0.456522,0.470588,0.195652,0.411765,X
0.0,0.0,0.695652,0.178218,1.23913,0.405941,1.630435,0.554455,1.630435,0.673267,0.630435,1.0,0.717391,1.326733,1.152174,1.415842,1.5,1.386139,0.217391,0.980198,1.065217,1.069307,1.26087,0.742574,1.108696,0.60396,-0.108696,0.871287,0.782609,0.871287,0.891304,0.574257,0.652174,0.475248,-0.369565,0.70297,0.391304,0.673267,0.478261,0.485149,0.217391,0.425743,X
0.0,0.0,0.680851,0.18,1.212766,0.41,1.617021,0.56,1.595745,0.68,0.680851,1.0,0.744681,1.36,1.148936,1.44,1.510638,1.39,0.276596,0.98,1.085106,1.07,1.234043,0.73,1.085106,0.6,-0.06383,0.89,0.808511,0.87,0.87234,0.57,0.638298,0.47,-0.319149,0.73,0.425532,0.69,0.468085,0.49,0.191489,0.44,X
0.0,0.0,0.711111,0.178218,1.222222,0.39604,1.622222,0.544554,1.755556,0.663366,0.666667,1.0,0.777778,1.336634,1.222222,1.435644,1.6,1.405941,0.244444,0.990099,1.155556,1.049505,1.311111,0.712871,1.111111,0.594059,-0.088889,0.891089,0.866667,0.861386,0.933333,0.554455,0.666667,0.475248,-0.333333,0.722772,0.444444,0.673267,0.488889,0.465347,0.177778,0.415842,X
0.0,0.0,0.688889,0.178218,1.222222,0.405941,1.622222,0.554455,1.711111,0.663366,0.622222,1.0,0.733333,1.346535,1.177778,1.425743,1.555556,1.376238,0.2,0.990099,1.111111,1.069307,1.311111,0.742574,1.133333,0.613861,-0.133333,0.881188,0.822222,0.861386,0.933333,0.574257,0.688889,0.485149,-0.377778,0.712871,0.422222,0.653465,0.488889,0.465347,0.222222,0.405941,X
0.0,0.0,0.673913,0.168317,1.195652,0.405941,1.565217,0.544554,1.73913,0.673267,0.673913,1.0,0.76087,1.346535,1.195652,1.425743,1.565217,1.39604,0.26087,0.980198,1.130435,1.059406,1.282609,0.732673,1.065217,0.613861,-0.065217,0.881188,0.869565,0.871287,0.913043,0.564356,0.652174,0.475248,-0.326087,0.712871,0.456522,0.683168,0.521739,0.485149,0.217391,0.425743,X
0.0,0.0,0.659574,0.178218,1.148936,0.39604,1.531915,0.534653,1.659574,0.663366,0.638298,1.0,0.702128,1.336634,1.12766,1.405941,1.489362,1.356436,0.234043,0.980198,1.085106,1.049505,1.234043,0.722772,1.021277,0.60396,-0.106383,0.871287,0.808511,0.841584,0.851064,0.554455,0.617021,0.465347,-0.361702,0.693069,0.382979,0.663366,0.446809,0.475248,0.191489,0.415842,X
0.0,0.0,0.638298,0.168317,1.12766,0.405941,1.510638,0.554455,1.702128,0.663366,0.659574,1.0,0.702128,1.356436,1.148936,1.435644,1.510638,1.39604,0.255319,0.990099,1.106383,1.069307,1.276596,0.742574,1.085106,0.60396,-0.06383,0.881188,0.808511,0.871287,0.893617,0.564356,0.638298,0.465347,-0.340426,0.712871,0.382979,0.673267,0.468085,0.485149,0.191489,0.435644,X
0.0,0.0,0.704545,0.178218,1.25,0.39604,1.659091,0.544554,1.75,0.653465,0.613636,1.0,0.727273,1.336634,1.181818,1.415842,1.568182,1.366337,0.181818,0.970297,1.136364,1.049505,1.295455,0.712871,1.068182,0.60396,-0.159091,0.861386,0.863636,0.841584,0.931818,0.534653,0.636364,0.455446,-0.386364,0.693069,0.431818,0.633663,0.477273,0.435644,0.181818,0.376238,X
0.0,0.0,0.727273,0.176471,1.295455,0.401961,1.704545,0.539216,1.818182,0.666667,0.681818,1.0,0.795455,1.323529,1.25,1.411765,1.636364,1.382353,0.25,0.980392,1.204545,1.058824,1.363636,0.72549,1.159091,0.588235,-0.068182,0.882353,0.931818,0.852941,0.977273,0.539216,0.727273,0.441176,-0.318182,0.705882,0.522727,0.676471,0.545455,0.470588,0.25,0.411765,X
0.0,0.0,-0.1875,0.123077,0.09375,0.323077,0.84375,0.384615,1.4375,0.430769,0.53125,1.0,1.125,1.369231,1.5625,1.353846,1.90625,1.276923,1.03125,0.830769,1.6875,0.892308,1.28125,0.646154,0.84375,0.553846,1.375,0.630769,1.84375,0.661538,1.34375,0.430769,0.90625,0.369231,1.53125,0.415385,1.90625,0.415385,1.53125,0.261538,1.1875,0.246154,X
0.0,0.0,-0.212121,0.140625,0.060606,0.359375,0.818182,0.390625,1.454545,0.40625,0.484848,1.0,1.030303,1.359375,1.484848,1.359375,1.818182,1.265625,0.969697,0.828125,1.575758,0.890625,1.151515,0.640625,0.727273,0.546875,1.30303,0.625,1.757576,0.65625,1.242424,0.421875,0.848485,0.375,1.484848,0.40625,1.818182,0.40625,1.454545,0.25,1.121212,0.234375,X
0.0,0.0,-0.0625,0.207792,0.34375,0.441558,1.25,0.519481,1.9375,0.558442,0.65625,1.0,1.3125,1.311688,1.8125,1.337662,2.21875,1.311688,1.15625,0.844156,1.9375,0.935065,1.53125,0.714286,1.0625,0.61039,1.5,0.649351,2.03125,0.701299,1.53125,0.493506,1.15625,0.441558,1.65625,0.441558,2.09375,0.493506,1.71875,0.376623,1.375,0.350649,X
0.0,0.0,0.171429,0.132353,-0.085714,0.279412,-0.742857,0.338235,-1.342857,0.382353,-0.314286,1.0,-0.571429,1.544118,-1.085714,1.661765,-1.514286,1.632353,-0.8,0.852941,-1.542857,1.058824,-1.542857,0.764706,-1.257143,0.544118,-1.142857,0.661765,-1.771429,0.75,-1.742857,0.470588,-1.485714,0.308824,-1.314286,0.5,-1.828571,0.514706,-1.828571,0.352941,-1.6,0.25,X
0.0,0.0,0.176471,0.130435,-0.147059,0.304348,-0.852941,0.362319,-1.470588,0.42029,-0.323529,1.0,-0.588235,1.536232,-1.117647,1.637681,-1.588235,1.608696,-0.823529,0.855072,-1.617647,1.043478,-1.647059,0.753623,-1.382353,0.536232,-1.147059,0.666667,-1.823529,0.73913,-1.794118,0.478261,-1.529412,0.318841,-1.323529,0.492754,-1.852941,0.521739,-1.852941,0.347826,-1.617647,0.246377,X
0.0,0.0,-0.0625,0.207792,0.34375,0.441558,1.25,0.519481,1.9375,0.558442,0.65625,1.0,1.3125,1.311688,1.8125,1.337662,2.21875,1.311688,1.15625,0.844156,1.9375,0.935065,1.53125,0.714286,1.0625,0.61039,1.5,0.649351,2.03125,0.701299,1.53125,0.493506,1.15625,0.441558,1.65625,0.441558,2.09375,0.493506,1.71875,0.376623,1.375,0.350649,X
0.0,0.0,-0.0625,0.186667,0.375,0.413333,1.25,0.48,1.9375,0.533333,0.6875,1.0,1.34375,1.306667,1.875,1.346667,2.25,1.306667,1.1875,0.84,2.0,0.92,1.59375,0.706667,1.125,0.586667,1.53125,0.64,2.0625,0.68,1.59375,0.48,1.1875,0.426667,1.6875,0.426667,2.09375,0.466667,1.75,0.346667,1.40625,0.333333,X
0.0,0.0,-0.060606,0.2,0.363636,0.44,1.212121,0.493333,1.909091,0.546667,0.606061,1.0,1.212121,1.306667,1.727273,1.346667,2.121212,1.32,1.090909,0.826667,1.848485,0.933333,1.484848,0.72,1.0,0.613333,1.454545,0.64,1.969697,0.693333,1.484848,0.493333,1.090909,0.44,1.606061,0.44,2.0,0.48,1.666667,0.36,1.363636,0.346667,X
0.0,0.0,-0.09375,0.2,0.3125,0.453333,1.21875,0.52,1.90625,0.546667,0.625,1.0,1.25,1.32,1.78125,1.36,2.1875,1.32,1.125,0.84,1.875,0.933333,1.5,0.72,1.03125,0.6,1.46875,0.653333,2.0,0.706667,1.53125,0.493333,1.125,0.44,1.625,0.44,2.0625,0.493333,1.71875,0.373333,1.375,0.346667,X
0.0,0.0,-0.216216,0.189873,0.027027,0.455696,0.702703,0.544304,1.216216,0.607595,0.378378,1.0,0.810811,1.341772,1.216216,1.405063,1.513514,1.367089,0.864865,0.848101,1.459459,0.974684,1.108108,0.759494,0.72973,0.607595,1.189189,0.670886,1.594595,0.734177,1.189189,0.544304,0.837838,0.468354,1.378378,0.468354,1.702703,0.518987,1.351351,0.392405,1.054054,0.35443,X
0.0,0.0,-0.222222,0.21519,0.055556,0.481013,0.75,0.582278,1.333333,0.632911,0.416667,1.0,0.833333,1.341772,1.25,1.392405,1.555556,1.341772,0.888889,0.860759,1.472222,0.974684,1.111111,0.746835,0.722222,0.620253,1.222222,0.683544,1.638889,0.734177,1.194444,0.544304,0.861111,0.468354,1.416667,0.481013,1.722222,0.506329,1.361111,0.379747,1.083333,0.35443,X
0.0,0.0,-0.222222,0.2,0.027778,0.475,0.75,0.575,1.333333,0.6375,0.388889,1.0,0.805556,1.3375,1.194444,1.3875,1.527778,1.3375,0.861111,0.8625,1.444444,0.95,1.083333,0.75,0.694444,0.6125,1.194444,0.675,1.611111,0.725,1.166667,0.525,0.833333,0.4625,1.388889,0.475,1.722222,0.5,1.333333,0.375,1.027778,0.3375,X
0.0,0.0,-0.263158,0.194805,-0.052632,0.467532,0.605263,0.571429,1.131579,0.61039,0.315789,1.0,0.710526,1.350649,1.105263,1.402597,1.421053,1.363636,0.789474,0.857143,1.342105,0.974026,1.0,0.74026,0.657895,0.597403,1.105263,0.675325,1.5,0.727273,1.078947,0.519481,0.763158,0.441558,1.315789,0.467532,1.605263,0.506494,1.236842,0.376623,0.973684,0.337662,X
0.0,0.0,-0.216216,0.202532,0.0,0.468354,0.675676,0.56962,1.216216,0.620253,0.351351,1.0,0.756757,1.35443,1.162162,1.405063,1.459459,1.341772,0.810811,0.860759,1.378378,0.962025,1.054054,0.746835,0.675676,0.620253,1.135135,0.683544,1.540541,0.734177,1.108108,0.531646,0.810811,0.455696,1.351351,0.468354,1.621622,0.506329,1.27027,0.379747,0.972973,0.341772,X
0.0,0.0,-0.129032,0.136364,0.225806,0.318182,1.064516,0.363636,1.709677,0.409091,0.580645,1.0,1.16129,1.348485,1.645161,1.348485,2.032258,1.257576,1.064516,0.833333,1.774194,0.893939,1.387097,0.666667,0.967742,0.560606,1.419355,0.621212,1.935484,0.666667,1.451613,0.439394,1.064516,0.393939,1.580645,0.409091,2.0,0.439394,1.645161,0.287879,1.322581,0.272727,X
0.0,0.0,-0.236842,0.194805,-0.052632,0.467532,0.605263,0.558442,1.131579,0.597403,0.315789,1.0,0.710526,1.350649,1.105263,1.402597,1.421053,1.350649,0.789474,0.857143,1.342105,0.961039,1.0,0.727273,0.631579,0.597403,1.105263,0.662338,1.5,0.727273,1.078947,0.506494,0.763158,0.441558,1.315789,0.454545,1.605263,0.493506,1.236842,0.363636,0.947368,0.324675,X
0.0,0.0,-0.2,0.161765,0.1,0.367647,0.933333,0.426471,1.6,0.455882,0.666667,1.0,1.3,1.338235,1.8,1.338235,2.133333,1.220588,1.133333,0.823529,1.933333,0.882353,1.5,0.691176,1.0,0.602941,1.466667,0.617647,2.0,0.632353,1.466667,0.441176,1.033333,0.397059,1.666667,0.397059,2.1,0.397059,1.666667,0.279412,1.3,0.25,X
0.0,0.0,-0.233333,0.161765,0.1,0.397059,1.0,0.441176,1.733333,0.470588,0.6,1.0,1.233333,1.338235,1.7,1.352941,2.033333,1.235294,1.1,0.823529,1.8,0.897059,1.366667,0.676471,0.933333,0.588235,1.4,0.632353,1.933333,0.647059,1.4,0.441176,0.966667,0.397059,1.6,0.411765,2.0,0.411765,1.566667,0.279412,1.2,0.264706,X
0.0,0.0,-0.2,0.181818,0.1,0.393939,0.966667,0.424242,1.633333,0.439394,0.7,1.0,1.366667,1.378788,1.833333,1.348485,2.133333,1.212121,1.2,0.80303,1.866667,0.893939,1.433333,0.651515,0.933333,0.560606,1.533333,0.606061,2.033333,0.636364,1.466667,0.424242,1.033333,0.378788,1.7,0.378788,2.133333,0.393939,1.7,0.257576,1.3,0.227273,X
0.0,0.0,-0.2,0.181818,0.1,0.393939,0.966667,0.424242,1.633333,0.439394,0.7,1.0,1.366667,1.378788,1.833333,1.348485,2.133333,1.212121,1.2,0.80303,1.866667,0.893939,1.433333,0.651515,0.933333,0.560606,1.533333,0.606061,2.033333,0.636364,1.466667,0.424242,1.033333,0.378788,1.7,0.378788,2.133333,0.393939,1.7,0.257576,1.3,0.227273,X
0.0,0.0,-0.2,0.181818,0.1,0.393939,0.966667,0.424242,1.633333,0.439394,0.7,1.0,1.366667,1.378788,1.833333,1.348485,2.133333,1.212121,1.2,0.80303,1.866667,0.893939,1.433333,0.651515,0.933333,0.560606,1.533333,0.606061,2.033333,0.636364,1.466667,0.424242,1.033333,0.378788,1.7,0.378788,2.133333,0.393939,1.7,0.257576,1.3,0.227273,X
0.0,0.0,-0.265306,0.181818,-0.22449,0.397727,0.285714,0.488636,0.734694,0.534091,0.061224,1.0,0.183673,1.386364,0.408163,1.477273,0.571429,1.386364,0.530612,0.886364,0.897959,1.0,0.714286,0.738636,0.489796,0.568182,0.857143,0.715909,1.142857,0.75,0.877551,0.511364,0.632653,0.409091,1.061224,0.511364,1.326531,0.534091,1.061224,0.386364,0.795918,0.329545,X
0.0,0.0,-0.3125,0.162791,-0.291667,0.383721,0.208333,0.476744,0.6875,0.523256,0.020833,1.0,0.166667,1.395349,0.395833,1.476744,0.583333,1.418605,0.5,0.872093,0.916667,1.0,0.6875,0.72093,0.4375,0.55814,0.833333,0.697674,1.125,0.72093,0.8125,0.488372,0.5625,0.395349,1.020833,0.476744,1.270833,0.5,1.0,0.348837,0.729167,0.302326,X
0.0,0.0,-0.3125,0.162791,-0.291667,0.383721,0.208333,0.476744,0.6875,0.523256,0.020833,1.0,0.166667,1.395349,0.395833,1.476744,0.583333,1.418605,0.5,0.872093,0.916667,1.0,0.6875,0.72093,0.4375,0.55814,0.833333,0.697674,1.125,0.72093,0.8125,0.488372,0.5625,0.395349,1.020833,0.476744,1.270833,0.5,1.0,0.348837,0.729167,0.302326,X
0.0,0.0,-0.227273,0.185185,-0.136364,0.395062,0.431818,0.444444,0.954545,0.444444,0.272727,1.0,0.545455,1.395062,0.840909,1.419753,1.022727,1.308642,0.75,0.851852,1.25,0.938272,0.977273,0.666667,0.681818,0.518519,1.068182,0.641975,1.431818,0.666667,1.113636,0.444444,0.795455,0.382716,1.272727,0.432099,1.568182,0.432099,1.272727,0.308642,0.977273,0.271605,X
0.0,0.0,-0.225806,0.145161,0.064516,0.33871,0.806452,0.370968,1.419355,0.387097,0.548387,1.0,1.096774,1.370968,1.580645,1.354839,1.967742,1.274194,1.032258,0.822581,1.709677,0.870968,1.258065,0.629032,0.806452,0.548387,1.354839,0.612903,1.870968,0.629032,1.322581,0.403226,0.903226,0.354839,1.548387,0.387097,1.935484,0.387097,1.548387,0.241935,1.193548,0.209677,X
0.0,0.0,-0.204545,0.190476,-0.136364,0.392857,0.386364,0.440476,0.931818,0.452381,0.318182,1.0,0.568182,1.392857,0.863636,1.416667,1.068182,1.321429,0.818182,0.845238,1.295455,0.940476,1.0,0.654762,0.704545,0.511905,1.136364,0.654762,1.522727,0.690476,1.159091,0.464286,0.840909,0.404762,1.318182,0.440476,1.636364,0.464286,1.363636,0.321429,1.068182,0.297619,X
0.0,0.0,-0.204545,0.190476,-0.136364,0.392857,0.386364,0.440476,0.931818,0.452381,0.318182,1.0,0.568182,1.392857,0.863636,1.416667,1.068182,1.321429,0.818182,0.845238,1.295455,0.940476,1.0,0.654762,0.704545,0.511905,1.136364,0.654762,1.522727,0.690476,1.159091,0.464286,0.840909,0.404762,1.318182,0.440476,1.636364,0.464286,1.363636,0.321429,1.068182,0.297619,X
0.0,0.0,-0.214286,0.204819,-0.119048,0.409639,0.47619,0.445783,1.02381,0.46988,0.357143,1.0,0.619048,1.39759,0.928571,1.421687,1.119048,1.337349,0.857143,0.855422,1.380952,0.951807,1.095238,0.674699,0.761905,0.53012,1.214286,0.650602,1.619048,0.686747,1.238095,0.481928,0.904762,0.421687,1.357143,0.433735,1.738095,0.46988,1.47619,0.337349,1.166667,0.313253,X
0.0,0.0,-0.157895,0.166667,0.078947,0.333333,0.789474,0.347222,1.394737,0.333333,0.631579,1.0,1.078947,1.402778,1.447368,1.402778,1.657895,1.277778,1.131579,0.833333,1.789474,0.875,1.394737,0.583333,1.0,0.458333,1.473684,0.611111,1.947368,0.611111,1.5,0.388889,1.131579,0.347222,1.631579,0.388889,2.026316,0.375,1.684211,0.236111,1.342105,0.236111,X
0.0,0.0,-0.153846,0.180556,0.128205,0.347222,0.794872,0.347222,1.384615,0.333333,0.615385,1.0,1.051282,1.430556,1.410256,1.402778,1.641026,1.277778,1.102564,0.833333,1.769231,0.875,1.384615,0.597222,1.0,0.486111,1.435897,0.611111,1.897436,0.611111,1.487179,0.388889,1.128205,0.375,1.615385,0.388889,1.974359,0.361111,1.641026,0.236111,1.307692,0.25,X
0.0,0.0,-0.153846,0.180556,0.128205,0.347222,0.794872,0.347222,1.384615,0.333333,0.615385,1.0,1.051282,1.430556,1.410256,1.402778,1.641026,1.277778,1.102564,0.833333,1.769231,0.875,1.384615,0.597222,1.0,0.486111,1.435897,0.611111,1.897436,0.611111,1.487179,0.388889,1.128205,0.375,1.615385,0.388889,1.974359,0.361111,1.641026,0.236111,1.307692,0.25,X
0.0,0.0,-0.153846,0.180556,0.128205,0.347222,0.794872,0.347222,1.384615,0.333333,0.615385,1.0,1.051282,1.430556,1.410256,1.402778,1.641026,1.277778,1.102564,0.833333,1.769231,0.875,1.384615,0.597222,1.0,0.486111,1.435897,0.611111,1.897436,0.611111,1.487179,0.388889,1.128205,0.375,1.615385,0.388889,1.974359,0.361111,1.641026,0.236111,1.307692,0.25,X
0.0,0.0,-0.131579,0.179487,0.131579,0.384615,0.842105,0.410256,1.447368,0.384615,0.631579,1.0,1.078947,1.384615,1.473684,1.410256,1.710526,1.307692,1.131579,0.833333,1.789474,0.897436,1.421053,0.641026,1.0,0.512821,1.473684,0.628205,1.921053,0.615385,1.473684,0.423077,1.131579,0.371795,1.631579,0.410256,2.0,0.397436,1.631579,0.282051,1.315789,0.282051,X
0.0,0.0,-0.210526,0.162162,0.026316,0.351351,0.710526,0.378378,1.289474,0.364865,0.552632,1.0,0.973684,1.418919,1.368421,1.445946,1.631579,1.337838,1.052632,0.837838,1.736842,0.905405,1.368421,0.621622,0.973684,0.5,1.394737,0.635135,1.842105,0.621622,1.421053,0.405405,1.052632,0.364865,1.552632,0.418919,1.921053,0.391892,1.578947,0.256757,1.236842,0.256757,X
0.0,0.0,-0.210526,0.162162,0.026316,0.351351,0.710526,0.378378,1.289474,0.364865,0.552632,1.0,0.973684,1.418919,1.368421,1.445946,1.631579,1.337838,1.052632,0.837838,1.736842,0.905405,1.368421,0.621622,0.973684,0.5,1.394737,0.635135,1.842105,0.621622,1.421053,0.405405,1.052632,0.364865,1.552632,0.418919,1.921053,0.391892,1.578947,0.256757,1.236842,0.256757,X
0.0,0.0,-0.216216,0.140845,-0.054054,0.366197,0.621622,0.43662,1.162162,0.492958,0.297297,1.0,0.756757,1.366197,1.135135,1.380282,1.432432,1.295775,0.756757,0.84507,1.324324,0.929577,0.972973,0.690141,0.594595,0.56338,1.081081,0.661972,1.513514,0.704225,1.108108,0.478873,0.72973,0.394366,1.297297,0.450704,1.621622,0.464789,1.27027,0.309859,0.972973,0.267606,X
0.0,0.0,-0.210526,0.162162,0.026316,0.351351,0.710526,0.378378,1.289474,0.364865,0.552632,1.0,0.973684,1.418919,1.368421,1.445946,1.631579,1.337838,1.052632,0.837838,1.736842,0.905405,1.368421,0.621622,0.973684,0.5,1.394737,0.635135,1.842105,0.621622,1.421053,0.405405,1.052632,0.364865,1.552632,0.418919,1.921053,0.391892,1.578947,0.256757,1.236842,0.256757,X
0.0,0.0,-0.179487,0.171053,0.051282,0.368421,0.717949,0.381579,1.307692,0.381579,0.564103,1.0,0.974359,1.394737,1.358974,1.434211,1.615385,1.342105,1.051282,0.842105,1.717949,0.921053,1.384615,0.644737,0.974359,0.5,1.384615,0.631579,1.846154,0.644737,1.435897,0.434211,1.076923,0.368421,1.564103,0.421053,1.923077,0.407895,1.589744,0.276316,1.25641,0.263158,X
0.0,0.0,-0.179487,0.171053,0.051282,0.368421,0.717949,0.381579,1.307692,0.381579,0.564103,1.0,0.974359,1.394737,1.358974,1.434211,1.615385,1.342105,1.051282,0.842105,1.717949,0.921053,1.384615,0.644737,0.974359,0.5,1.384615,0.631579,1.846154,0.644737,1.435897,0.434211,1.076923,0.368421,1.564103,0.421053,1.923077,0.407895,1.589744,0.276316,1.25641,0.263158,X
0.0,0.0,-0.23913,0.168831,-0.108696,0.350649,0.434783,0.402597,0.956522,0.402597,0.282609,1.0,0.565217,1.480519,0.826087,1.506494,1.0,1.402597,0.76087,0.87013,1.282609,0.974026,1.021739,0.662338,0.717391,0.493506,1.086957,0.662338,1.478261,0.701299,1.152174,0.467532,0.847826,0.402597,1.282609,0.441558,1.608696,0.467532,1.347826,0.298701,1.043478,0.272727,X
0.0,0.0,-0.217391,0.1625,-0.086957,0.3375,0.434783,0.3875,0.956522,0.4,0.282609,1.0,0.5,1.4375,0.782609,1.4625,1.0,1.375,0.76087,0.8625,1.26087,0.9375,0.978261,0.6375,0.673913,0.4875,1.086957,0.675,1.478261,0.6625,1.108696,0.425,0.804348,0.375,1.282609,0.4625,1.586957,0.45,1.282609,0.275,0.978261,0.25,X
0.0,0.0,-0.217391,0.1625,-0.086957,0.3375,0.434783,0.3875,0.956522,0.4,0.282609,1.0,0.5,1.4375,0.782609,1.4625,1.0,1.375,0.76087,0.8625,1.26087,0.9375,0.978261,0.6375,0.673913,0.4875,1.086957,0.675,1.478261,0.6625,1.108696,0.425,0.804348,0.375,1.282609,0.4625,1.586957,0.45,1.282609,0.275,0.978261,0.25,X
0.0,0.0,-0.217391,0.1625,-0.086957,0.3375,0.434783,0.3875,0.956522,0.4,0.282609,1.0,0.5,1.4375,0.782609,1.4625,1.0,1.375,0.76087,0.8625,1.26087,0.9375,0.978261,0.6375,0.673913,0.4875,1.086957,0.675,1.478261,0.6625,1.108696,0.425,0.804348,0.375,1.282609,0.4625,1.586957,0.45,1.282609,0.275,0.978261,0.25,X
0.0,0.0,-0.214286,0.179487,0.0,0.371795,0.619048,0.384615,1.190476,0.397436,0.47619,1.0,0.880952,1.423077,1.214286,1.384615,1.380952,1.230769,0.97619,0.846154,1.547619,0.923077,1.166667,0.628205,0.785714,0.512821,1.309524,0.641026,1.738095,0.653846,1.261905,0.423077,0.904762,0.384615,1.47619,0.423077,1.833333,0.410256,1.47619,0.269231,1.142857,0.269231,X
0.0,0.0,-0.152174,0.168831,0.043478,0.337662,0.608696,0.363636,1.152174,0.363636,0.434783,1.0,0.804348,1.415584,1.108696,1.376623,1.304348,1.233766,0.934783,0.857143,1.456522,0.909091,1.130435,0.61039,0.804348,0.480519,1.26087,0.636364,1.652174,0.636364,1.23913,0.402597,0.934783,0.363636,1.434783,0.428571,1.73913,0.402597,1.434783,0.246753,1.130435,0.233766,X
0.0,0.0,-0.152174,0.168831,0.043478,0.337662,0.608696,0.363636,1.152174,0.363636,0.434783,1.0,0.804348,1.415584,1.108696,1.376623,1.304348,1.233766,0.934783,0.857143,1.456522,0.909091,1.130435,0.61039,0.804348,0.480519,1.26087,0.636364,1.652174,0.636364,1.23913,0.402597,0.934783,0.363636,1.434783,0.428571,1.73913,0.402597,1.434783,0.246753,1.130435,0.233766,X
0.0,0.0,-0.236842,0.132353,-0.131579,0.382353,0.5,0.455882,1.026316,0.485294,0.289474,1.0,0.736842,1.397059,1.105263,1.397059,1.394737,1.308824,0.763158,0.852941,1.263158,0.941176,0.947368,0.676471,0.578947,0.544118,1.078947,0.661765,1.473684,0.691176,1.052632,0.455882,0.710526,0.367647,1.289474,0.441176,1.578947,0.455882,1.236842,0.294118,0.947368,0.235294,X
0.0,0.0,-0.152174,0.168831,0.043478,0.337662,0.608696,0.363636,1.152174,0.363636,0.434783,1.0,0.804348,1.415584,1.108696,1.376623,1.304348,1.233766,0.934783,0.857143,1.456522,0.909091,1.130435,0.61039,0.804348,0.480519,1.26087,0.636364,1.652174,0.636364,1.23913,0.402597,0.934783,0.363636,1.434783,0.428571,1.73913,0.402597,1.434783,0.246753,1.130435,0.233766,X
0.0,0.0,0.148148,0.169231,-0.259259,0.338462,-1.037037,0.4,-1.740741,0.446154,-0.592593,1.0,-1.0,1.461538,-1.666667,1.584615,-2.185185,1.553846,-1.111111,0.846154,-2.0,0.984615,-2.074074,0.723077,-1.777778,0.523077,-1.444444,0.661538,-2.222222,0.707692,-2.148148,0.476923,-1.851852,0.323077,-1.592593,0.476923,-2.222222,0.492308,-2.222222,0.353846,-1.962963,0.261538,X
0.0,0.0,0.148148,0.15873,-0.259259,0.349206,-1.074074,0.412698,-1.814815,0.492063,-0.592593,1.0,-1.0,1.507937,-1.666667,1.634921,-2.222222,1.619048,-1.111111,0.857143,-2.037037,1.015873,-2.111111,0.746032,-1.814815,0.539683,-1.444444,0.650794,-2.222222,0.714286,-2.185185,0.47619,-1.888889,0.333333,-1.592593,0.47619,-2.259259,0.492063,-2.259259,0.349206,-1.962963,0.253968,X
0.0,0.0,0.148148,0.15873,-0.259259,0.349206,-1.074074,0.412698,-1.814815,0.492063,-0.592593,1.0,-1.0,1.507937,-1.666667,1.634921,-2.222222,1.619048,-1.111111,0.857143,-2.037037,1.015873,-2.111111,0.746032,-1.814815,0.539683,-1.444444,0.650794,-2.222222,0.714286,-2.185185,0.47619,-1.888889,0.333333,-1.592593,0.47619,-2.259259,0.492063,-2.259259,0.349206,-1.962963,0.253968,X
0.0,0.0,0.153846,0.122807,-0.230769,0.210526,-1.038462,0.210526,-1.807692,0.22807,-0.769231,1.0,-1.346154,1.526316,-2.076923,1.631579,-2.576923,1.561404,-1.269231,0.789474,-2.269231,0.824561,-2.346154,0.508772,-2.038462,0.280702,-1.615385,0.54386,-2.461538,0.491228,-2.307692,0.22807,-1.884615,0.087719,-1.769231,0.333333,-2.423077,0.263158,-2.307692,0.105263,-1.884615,0.017544,X
0.0,0.0,0.111111,0.089286,-0.259259,0.178571,-1.037037,0.178571,-1.777778,0.232143,-0.740741,1.0,-1.259259,1.571429,-2.0,1.660714,-2.518519,1.589286,-1.296296,0.803571,-2.259259,0.910714,-2.222222,0.589286,-1.851852,0.375,-1.592593,0.571429,-2.37037,0.482143,-2.148148,0.196429,-1.740741,0.071429,-1.740741,0.357143,-2.333333,0.25,-2.185185,0.053571,-1.777778,-0.017857,X
0.0,0.0,0.111111,0.089286,-0.259259,0.178571,-1.037037,0.178571,-1.777778,0.232143,-0.740741,1.0,-1.259259,1.571429,-2.0,1.660714,-2.518519,1.589286,-1.296296,0.803571,-2.259259,0.910714,-2.222222,0.589286,-1.851852,0.375,-1.592593,0.571429,-2.37037,0.482143,-2.148148,0.196429,-1.740741,0.071429,-1.740741,0.357143,-2.333333,0.25,-2.185185,0.053571,-1.777778,-0.017857,X
0.0,0.0,0.0,0.089286,-0.56,0.196429,-1.52,0.178571,-2.32,0.196429,-1.08,1.0,-1.72,1.535714,-2.48,1.607143,-3.04,1.517857,-1.64,0.803571,-2.68,0.839286,-2.56,0.517857,-2.08,0.339286,-1.96,0.553571,-2.76,0.482143,-2.44,0.232143,-2.0,0.160714,-2.08,0.339286,-2.72,0.25,-2.48,0.071429,-2.04,0.035714,X
0.0,0.0,0.0,0.089286,-0.56,0.196429,-1.52,0.178571,-2.32,0.196429,-1.08,1.0,-1.72,1.535714,-2.48,1.607143,-3.04,1.517857,-1.64,0.803571,-2.68,0.839286,-2.56,0.517857,-2.08,0.339286,-1.96,0.553571,-2.76,0.482143,-2.44,0.232143,-2.0,0.160714,-2.08,0.339286,-2.72,0.25,-2.48,0.071429,-2.04,0.035714,X
0.0,0.0,0.0,0.089286,-0.56,0.196429,-1.52,0.178571,-2.32,0.196429,-1.08,1.0,-1.72,1.535714,-2.48,1.607143,-3.04,1.517857,-1.64,0.803571,-2.68,0.839286,-2.56,0.517857,-2.08,0.339286,-1.96,0.553571,-2.76,0.482143,-2.44,0.232143,-2.0,0.160714,-2.08,0.339286,-2.72,0.25,-2.48,0.071429,-2.04,0.035714,X
0.0,0.0,-0.243243,0.15493,-0.081081,0.394366,0.567568,0.464789,1.135135,0.478873,0.324324,1.0,0.810811,1.366197,1.189189,1.380282,1.486486,1.28169,0.810811,0.84507,1.378378,0.929577,1.027027,0.690141,0.648649,0.56338,1.108108,0.647887,1.540541,0.704225,1.108108,0.478873,0.756757,0.394366,1.324324,0.43662,1.648649,0.464789,1.297297,0.323944,1.0,0.267606,X
0.0,0.0,0.041667,0.135593,-0.541667,0.288136,-1.5,0.305085,-2.291667,0.338983,-0.875,1.0,-1.458333,1.508475,-2.291667,1.644068,-2.916667,1.627119,-1.416667,0.847458,-2.5,0.915254,-2.583333,0.644068,-2.208333,0.440678,-1.75,0.627119,-2.708333,0.627119,-2.625,0.389831,-2.208333,0.288136,-1.875,0.423729,-2.625,0.389831,-2.625,0.237288,-2.208333,0.152542,X
0.0,0.0,0.041667,0.135593,-0.541667,0.288136,-1.5,0.305085,-2.291667,0.338983,-0.875,1.0,-1.458333,1.508475,-2.291667,1.644068,-2.916667,1.627119,-1.416667,0.847458,-2.5,0.915254,-2.583333,0.644068,-2.208333,0.440678,-1.75,0.627119,-2.708333,0.627119,-2.625,0.389831,-2.208333,0.288136,-1.875,0.423729,-2.625,0.389831,-2.625,0.237288,-2.208333,0.152542,X
0.0,0.0,0.0,0.192982,-0.538462,0.333333,-1.423077,0.333333,-2.153846,0.350877,-0.846154,1.0,-1.384615,1.491228,-2.076923,1.631579,-2.615385,1.596491,-1.346154,0.807018,-2.269231,0.877193,-2.346154,0.596491,-2.038462,0.368421,-1.692308,0.578947,-2.5,0.561404,-2.346154,0.315789,-1.961538,0.175439,-1.846154,0.385965,-2.5,0.315789,-2.384615,0.157895,-2.0,0.070175,X
0.0,0.0,0.0,0.192982,-0.538462,0.333333,-1.423077,0.333333,-2.153846,0.350877,-0.846154,1.0,-1.384615,1.491228,-2.076923,1.631579,-2.615385,1.596491,-1.346154,0.807018,-2.269231,0.877193,-2.346154,0.596491,-2.038462,0.368421,-1.692308,0.578947,-2.5,0.561404,-2.346154,0.315789,-1.961538,0.175439,-1.846154,0.385965,-2.5,0.315789,-2.384615,0.157895,-2.0,0.070175,X
0.0,0.0,0.103448,0.147541,-0.310345,0.278689,-1.103448,0.295082,-1.827586,0.327869,-0.724138,1.0,-1.241379,1.540984,-1.862069,1.655738,-2.37931,1.622951,-1.275862,0.803279,-2.172414,0.868852,-2.241379,0.57377,-1.931034,0.360656,-1.586207,0.557377,-2.344828,0.508197,-2.206897,0.262295,-1.827586,0.131148,-1.724138,0.344262,-2.310345,0.278689,-2.206897,0.114754,-1.862069,0.032787,X
0.0,0.0,0.103448,0.147541,-0.310345,0.278689,-1.103448,0.295082,-1.827586,0.327869,-0.724138,1.0,-1.241379,1.540984,-1.862069,1.655738,-2.37931,1.622951,-1.275862,0.803279,-2.172414,0.868852,-2.241379,0.57377,-1.931034,0.360656,-1.586207,0.557377,-2.344828,0.508197,-2.206897,0.262295,-1.827586,0.131148,-1.724138,0.344262,-2.310345,0.278689,-2.206897,0.114754,-1.862069,0.032787,X
0.0,0.0,0.2,0.109091,-0.08,0.236364,-0.84,0.218182,-1.6,0.218182,-0.76,1.0,-1.24,1.6,-1.92,1.690909,-2.44,1.618182,-1.28,0.818182,-2.32,0.927273,-2.28,0.618182,-1.84,0.381818,-1.64,0.563636,-2.44,0.545455,-2.28,0.254545,-1.88,0.109091,-1.76,0.345455,-2.44,0.290909,-2.32,0.109091,-1.96,0.018182,X
0.0,0.0,0.192308,0.107143,-0.153846,0.232143,-0.961538,0.232143,-1.730769,0.25,-0.807692,1.0,-1.346154,1.589286,-2.038462,1.678571,-2.538462,1.607143,-1.346154,0.821429,-2.307692,0.964286,-2.269231,0.642857,-1.884615,0.410714,-1.653846,0.589286,-2.423077,0.553571,-2.192308,0.25,-1.769231,0.125,-1.807692,0.375,-2.461538,0.303571,-2.307692,0.107143,-1.884615,0.035714,X
0.0,0.0,0.192308,0.107143,-0.153846,0.232143,-0.961538,0.232143,-1.730769,0.25,-0.807692,1.0,-1.346154,1.589286,-2.038462,1.678571,-2.538462,1.607143,-1.346154,0.821429,-2.307692,0.964286,-2.269231,0.642857,-1.884615,0.410714,-1.653846,0.589286,-2.423077,0.553571,-2.192308,0.25,-1.769231,0.125,-1.807692,0.375,-2.461538,0.303571,-2.307692,0.107143,-1.884615,0.035714,X
0.0,0.0,-0.25,0.140845,-0.055556,0.366197,0.638889,0.450704,1.222222,0.492958,0.333333,1.0,0.833333,1.380282,1.222222,1.380282,1.5,1.28169,0.805556,0.84507,1.361111,0.929577,1.0,0.690141,0.611111,0.591549,1.138889,0.661972,1.555556,0.704225,1.083333,0.478873,0.722222,0.408451,1.333333,0.450704,1.666667,0.464789,1.305556,0.309859,0.972222,0.267606,X
0.0,0.0,0.076923,0.171875,-0.461538,0.34375,-1.346154,0.40625,-2.153846,0.46875,-0.807692,1.0,-1.346154,1.515625,-2.076923,1.65625,-2.615385,1.640625,-1.346154,0.828125,-2.307692,0.9375,-2.461538,0.703125,-2.192308,0.5,-1.692308,0.59375,-2.538462,0.609375,-2.461538,0.390625,-2.115385,0.265625,-1.807692,0.40625,-2.5,0.390625,-2.461538,0.265625,-2.153846,0.1875,X
0.0,0.0,0.125,0.210526,-0.333333,0.333333,-1.208333,0.280702,-2.041667,0.210526,-0.833333,1.0,-1.375,1.508772,-2.125,1.614035,-2.708333,1.54386,-1.375,0.754386,-2.375,0.824561,-2.291667,0.54386,-1.833333,0.333333,-1.708333,0.491228,-2.458333,0.421053,-2.083333,0.175439,-1.625,0.052632,-1.833333,0.245614,-2.416667,0.157895,-2.166667,0.017544,-1.708333,-0.052632,X
0.0,0.0,0.125,0.210526,-0.333333,0.333333,-1.208333,0.280702,-2.041667,0.210526,-0.833333,1.0,-1.375,1.508772,-2.125,1.614035,-2.708333,1.54386,-1.375,0.754386,-2.375,0.824561,-2.291667,0.54386,-1.833333,0.333333,-1.708333,0.491228,-2.458333,0.421053,-2.083333,0.175439,-1.625,0.052632,-1.833333,0.245614,-2.416667,0.157895,-2.166667,0.017544,-1.708333,-0.052632,X
0.0,0.0,0.24,0.175439,-0.16,0.280702,-0.96,0.245614,-1.76,0.245614,-0.68,1.0,-1.24,1.561404,-1.92,1.649123,-2.44,1.596491,-1.24,0.789474,-2.2,0.894737,-2.2,0.596491,-1.8,0.385965,-1.56,0.54386,-2.36,0.508772,-2.08,0.245614,-1.64,0.122807,-1.68,0.315789,-2.32,0.245614,-2.16,0.087719,-1.72,0.035088,X
0.0,0.0,-0.208333,0.173913,-0.833333,0.405797,-1.75,0.507246,-2.541667,0.536232,-0.833333,1.0,-1.166667,1.463768,-1.875,1.57971,-2.458333,1.550725,-1.375,0.869565,-2.458333,1.014493,-2.583333,0.710145,-2.208333,0.536232,-1.75,0.695652,-2.625,0.826087,-2.666667,0.594203,-2.291667,0.478261,-1.833333,0.550725,-2.583333,0.608696,-2.583333,0.478261,-2.208333,0.391304,X
0.0,0.0,-0.208333,0.173913,-0.833333,0.405797,-1.75,0.507246,-2.541667,0.536232,-0.833333,1.0,-1.166667,1.463768,-1.875,1.57971,-2.458333,1.550725,-1.375,0.869565,-2.458333,1.014493,-2.583333,0.710145,-2.208333,0.536232,-1.75,0.695652,-2.625,0.826087,-2.666667,0.594203,-2.291667,0.478261,-1.833333,0.550725,-2.583333,0.608696,-2.583333,0.478261,-2.208333,0.391304,X
0.0,0.0,-0.2,0.189189,-0.84,0.418919,-1.8,0.527027,-2.6,0.540541,-0.84,1.0,-1.16,1.459459,-1.88,1.581081,-2.48,1.567568,-1.36,0.864865,-2.48,1.027027,-2.64,0.72973,-2.24,0.567568,-1.76,0.689189,-2.68,0.824324,-2.72,0.594595,-2.32,0.5,-1.84,0.540541,-2.64,0.608108,-2.64,0.472973,-2.24,0.391892,X
0.0,0.0,-0.216216,0.142857,-0.054054,0.371429,0.594595,0.442857,1.135135,0.5,0.297297,1.0,0.756757,1.371429,1.135135,1.4,1.405405,1.3,0.756757,0.842857,1.324324,0.942857,1.0,0.685714,0.648649,0.542857,1.081081,0.657143,1.513514,0.7,1.108108,0.471429,0.756757,0.385714,1.297297,0.442857,1.621622,0.457143,1.297297,0.3,1.0,0.242857,X
0.0,0.0,-0.153846,0.152778,-0.692308,0.388889,-1.615385,0.513889,-2.384615,0.555556,-0.769231,1.0,-1.076923,1.472222,-1.807692,1.597222,-2.384615,1.583333,-1.307692,0.875,-2.384615,1.041667,-2.5,0.736111,-2.115385,0.555556,-1.653846,0.722222,-2.576923,0.861111,-2.615385,0.625,-2.230769,0.5,-1.769231,0.569444,-2.538462,0.638889,-2.576923,0.5,-2.153846,0.402778,X
0.0,0.0,-0.125,0.147059,-0.75,0.352941,-1.75,0.426471,-2.625,0.455882,-0.958333,1.0,-1.333333,1.485294,-2.083333,1.602941,-2.75,1.573529,-1.5,0.852941,-2.666667,1.0,-2.708333,0.691176,-2.208333,0.514706,-1.875,0.676471,-2.875,0.779412,-2.833333,0.529412,-2.333333,0.426471,-1.958333,0.529412,-2.791667,0.558824,-2.75,0.411765,-2.291667,0.323529,X
0.0,0.0,0.0,0.125,-0.481481,0.3125,-1.296296,0.375,-2.037037,0.421875,-0.592593,1.0,-0.925926,1.515625,-1.592593,1.640625,-2.185185,1.625,-1.111111,0.859375,-2.037037,1.0,-2.074074,0.6875,-1.703704,0.5,-1.481481,0.671875,-2.296296,0.765625,-2.222222,0.5,-1.851852,0.390625,-1.592593,0.515625,-2.259259,0.53125,-2.222222,0.359375,-1.814815,0.28125,X
0.0,0.0,-0.083333,0.107692,-0.75,0.307692,-1.75,0.4,-2.625,0.446154,-0.875,1.0,-1.25,1.523077,-2.041667,1.630769,-2.708333,1.615385,-1.416667,0.846154,-2.541667,1.015385,-2.625,0.707692,-2.208333,0.538462,-1.791667,0.661538,-2.75,0.753846,-2.708333,0.507692,-2.25,0.415385,-1.875,0.492308,-2.666667,0.523077,-2.625,0.369231,-2.125,0.292308,X
0.0,0.0,-0.125,0.149254,-0.791667,0.343284,-1.791667,0.41791,-2.625,0.447761,-1.0,1.0,-1.375,1.492537,-2.166667,1.597015,-2.791667,1.597015,-1.541667,0.850746,-2.708333,1.0,-2.75,0.671642,-2.25,0.507463,-1.916667,0.686567,-2.916667,0.791045,-2.833333,0.537313,-2.375,0.447761,-2.0,0.537313,-2.833333,0.58209,-2.791667,0.41791,-2.333333,0.343284,X
0.0,0.0,-0.08,0.151515,-0.68,0.348485,-1.64,0.424242,-2.44,0.439394,-0.84,1.0,-1.24,1.5,-2.0,1.606061,-2.6,1.590909,-1.4,0.848485,-2.48,0.984848,-2.52,0.681818,-2.12,0.5,-1.76,0.666667,-2.68,0.772727,-2.64,0.515152,-2.2,0.409091,-1.84,0.5,-2.64,0.545455,-2.6,0.393939,-2.16,0.30303,X
0.0,0.0,0.172414,0.054545,-0.172414,0.145455,-0.965517,0.163636,-1.689655,0.181818,-0.517241,1.0,-0.896552,1.654545,-1.482759,1.709091,-1.965517,1.618182,-1.034483,0.836364,-1.931034,0.981818,-1.862069,0.581818,-1.448276,0.345455,-1.37931,0.581818,-2.034483,0.581818,-1.793103,0.254545,-1.37931,0.145455,-1.517241,0.363636,-2.034483,0.290909,-1.827586,0.072727,-1.413793,0.018182,X
0.0,0.0,0.2,0.072727,-0.1,0.145455,-0.833333,0.145455,-1.533333,0.181818,-0.466667,1.0,-0.866667,1.672727,-1.433333,1.727273,-1.9,1.6,-1.0,0.836364,-1.866667,1.018182,-1.833333,0.636364,-1.466667,0.4,-1.333333,0.6,-2.0,0.618182,-1.833333,0.290909,-1.466667,0.145455,-1.466667,0.381818,-2.0,0.345455,-1.866667,0.127273,-1.5,0.054545,X
0.0,0.0,0.206897,0.071429,-0.137931,0.160714,-0.931034,0.142857,-1.689655,0.178571,-0.551724,1.0,-0.931034,1.642857,-1.551724,1.678571,-2.034483,1.571429,-1.068966,0.839286,-2.0,0.964286,-1.931034,0.571429,-1.517241,0.375,-1.413793,0.607143,-2.068966,0.571429,-1.793103,0.25,-1.37931,0.160714,-1.551724,0.392857,-2.068966,0.285714,-1.827586,0.089286,-1.37931,0.053571,X
0.0,0.0,0.2,0.072727,-0.133333,0.145455,-0.9,0.145455,-1.6,0.2,-0.466667,1.0,-0.866667,1.690909,-1.466667,1.727273,-1.933333,1.6,-1.0,0.836364,-1.9,1.018182,-1.866667,0.636364,-1.466667,0.381818,-1.333333,0.6,-2.0,0.581818,-1.8,0.254545,-1.366667,0.145455,-1.466667,0.381818,-2.0,0.309091,-1.833333,0.109091,-1.433333,0.036364,X
0.0,0.0,-0.216216,0.142857,-0.054054,0.371429,0.594595,0.442857,1.135135,0.5,0.297297,1.0,0.756757,1.371429,1.135135,1.4,1.405405,1.3,0.756757,0.842857,1.324324,0.942857,1.0,0.685714,0.648649,0.542857,1.081081,0.657143,1.513514,0.7,1.108108,0.471429,0.756757,0.385714,1.297297,0.442857,1.621622,0.457143,1.297297,0.3,1.0,0.242857,X
0.0,0.0,0.233333,0.054545,-0.1,0.163636,-0.833333,0.181818,-1.566667,0.218182,-0.433333,1.0,-0.8,1.672727,-1.4,1.745455,-1.9,1.654545,-0.933333,0.854545,-1.866667,1.036364,-1.8,0.618182,-1.333333,0.4,-1.3,0.636364,-2.0,0.636364,-1.766667,0.290909,-1.366667,0.181818,-1.433333,0.418182,-1.966667,0.345455,-1.8,0.127273,-1.4,0.072727,X
0.0,0.0,0.035714,0.098361,-0.428571,0.213115,-1.285714,0.213115,-2.035714,0.229508,-0.75,1.0,-1.214286,1.57377,-1.892857,1.622951,-2.428571,1.557377,-1.25,0.819672,-2.321429,0.934426,-2.25,0.590164,-1.75,0.409836,-1.607143,0.590164,-2.464286,0.606557,-2.25,0.327869,-1.785714,0.245902,-1.75,0.393443,-2.392857,0.344262,-2.25,0.180328,-1.75,0.131148,X
0.0,0.0,0.035714,0.114754,-0.428571,0.229508,-1.285714,0.245902,-2.035714,0.262295,-0.75,1.0,-1.178571,1.57377,-1.857143,1.639344,-2.428571,1.57377,-1.25,0.819672,-2.321429,0.967213,-2.321429,0.606557,-1.892857,0.409836,-1.607143,0.606557,-2.464286,0.655738,-2.321429,0.377049,-1.892857,0.245902,-1.75,0.409836,-2.428571,0.409836,-2.321429,0.229508,-1.892857,0.147541,X
0.0,0.0,0.068966,0.081967,-0.37931,0.213115,-1.206897,0.229508,-1.896552,0.229508,-0.689655,1.0,-1.137931,1.57377,-1.758621,1.639344,-2.310345,1.540984,-1.206897,0.836066,-2.206897,0.967213,-2.172414,0.606557,-1.724138,0.409836,-1.551724,0.622951,-2.37931,0.672131,-2.206897,0.360656,-1.758621,0.245902,-1.689655,0.42623,-2.344828,0.393443,-2.206897,0.213115,-1.793103,0.147541,X
0.0,0.0,0.129032,0.083333,-0.258065,0.166667,-1.0,0.183333,-1.709677,0.216667,-0.580645,1.0,-0.935484,1.6,-1.516129,1.683333,-2.032258,1.616667,-1.096774,0.833333,-1.967742,0.966667,-1.903226,0.583333,-1.483871,0.35,-1.419355,0.6,-2.129032,0.616667,-1.935484,0.3,-1.548387,0.166667,-1.580645,0.383333,-2.096774,0.333333,-1.967742,0.133333,-1.580645,0.066667,X
0.0,0.0,-0.115385,0.15493,-0.692308,0.352113,-1.653846,0.43662,-2.5,0.464789,-0.923077,1.0,-1.269231,1.521127,-2.0,1.619718,-2.615385,1.591549,-1.461538,0.859155,-2.538462,1.014085,-2.615385,0.704225,-2.230769,0.507042,-1.846154,0.704225,-2.769231,0.816901,-2.730769,0.549296,-2.346154,0.43662,-1.923077,0.549296,-2.692308,0.591549,-2.692308,0.43662,-2.384615,0.352113,X
0.0,0.0,0.0,0.115942,-0.538462,0.318841,-1.538462,0.405797,-2.346154,0.449275,-0.769231,1.0,-1.076923,1.550725,-1.807692,1.652174,-2.423077,1.608696,-1.307692,0.869565,-2.384615,1.028986,-2.461538,0.710145,-2.153846,0.507246,-1.653846,0.695652,-2.615385,0.797101,-2.576923,0.521739,-2.230769,0.391304,-1.769231,0.536232,-2.538462,0.565217,-2.576923,0.42029,-2.230769,0.318841,X
0.0,0.0,0.0,0.128571,-0.5,0.328571,-1.392857,0.4,-2.178571,0.428571,-0.75,1.0,-1.071429,1.514286,-1.75,1.628571,-2.321429,1.614286,-1.285714,0.857143,-2.321429,1.028571,-2.357143,0.7,-1.964286,0.514286,-1.642857,0.685714,-2.5,0.828571,-2.464286,0.557143,-2.107143,0.414286,-1.75,0.542857,-2.428571,0.6,-2.428571,0.442857,-2.107143,0.328571,X
0.0,0.0,0.121212,0.132353,-0.242424,0.308824,-0.939394,0.397059,-1.545455,0.441176,-0.454545,1.0,-0.69697,1.529412,-1.212121,1.647059,-1.636364,1.617647,-0.939394,0.852941,-1.727273,1.044118,-1.727273,0.720588,-1.424242,0.514706,-1.272727,0.676471,-1.909091,0.764706,-1.878788,0.485294,-1.606061,0.338235,-1.454545,0.485294,-1.969697,0.514706,-1.969697,0.352941,-1.727273,0.279412,X
0.0,0.0,0.064516,0.132353,-0.322581,0.308824,-1.129032,0.397059,-1.806452,0.441176,-0.483871,1.0,-0.741935,1.558824,-1.322581,1.661765,-1.774194,1.617647,-1.0,0.882353,-1.870968,1.073529,-1.903226,0.75,-1.612903,0.544118,-1.354839,0.691176,-2.064516,0.779412,-2.064516,0.5,-1.774194,0.352941,-1.483871,0.529412,-2.096774,0.544118,-2.129032,0.382353,-1.870968,0.294118,X
